SET session_replication_role = replica;

--
-- PostgreSQL database dump
--

-- \restrict 49ueQldkFwyyvt4ZA6nTNmqR1O4QStbKyUeXfE48u9gjnLhbNypaqrdkMuZNPpd

-- Dumped from database version 17.6
-- Dumped by pg_dump version 17.6

SET statement_timeout = 0;
SET lock_timeout = 0;
SET idle_in_transaction_session_timeout = 0;
SET transaction_timeout = 0;
SET client_encoding = 'UTF8';
SET standard_conforming_strings = on;
SELECT pg_catalog.set_config('search_path', '', false);
SET check_function_bodies = false;
SET xmloption = content;
SET client_min_messages = warning;
SET row_security = off;

--
-- Data for Name: users; Type: TABLE DATA; Schema: public; Owner: postgres
--

INSERT INTO "public"."users" ("id", "display_name", "email", "plan", "stripe_customer_id", "trial_ends_at", "created_at") VALUES
	('8a0881f3-bfad-4e43-8ac0-7f1e74c8da4b', 'lucasmatutani', 'lucasmatutani@gmail.com', 'free', NULL, NULL, '2026-06-03 18:43:25.231511+00'),
	('41206638-bbcc-40ca-a0c7-1f66c1033338', 'julia', 'julia@gmail.com', 'free', NULL, NULL, '2026-06-08 04:17:29.010291+00');


--
-- Data for Name: households; Type: TABLE DATA; Schema: public; Owner: postgres
--

INSERT INTO "public"."households" ("id", "name", "created_by", "created_at") VALUES
	('0a78a0fd-885c-4441-80b2-3a6b0f61eea3', 'Lucas e Julia', '8a0881f3-bfad-4e43-8ac0-7f1e74c8da4b', '2026-06-03 18:43:30.302888+00');


--
-- Data for Name: categories; Type: TABLE DATA; Schema: public; Owner: postgres
--

INSERT INTO "public"."categories" ("id", "household_id", "parent_id", "name", "is_template") VALUES
	('995a6b3b-3ca9-4804-95bb-15a3324b1872', NULL, NULL, 'Moradia', true),
	('ecb12d66-1db9-4a78-9a72-353aad218916', NULL, NULL, 'Serviços', true),
	('da295923-d0a5-42e5-aed7-0bb942908b41', NULL, NULL, 'Mercado', true),
	('c172b93f-fcc4-4e99-928d-06f3a62b87e3', NULL, NULL, 'Transporte', true),
	('8f811712-0c4b-497a-8c04-d1ee00c066cd', NULL, NULL, 'Saúde', true),
	('0207d087-6ead-49d5-b9c7-f3bfa0aa16e5', NULL, NULL, 'Educação', true),
	('8ce03819-3c1e-4a80-8ca5-14c5aec1742a', NULL, NULL, 'Assinaturas', true),
	('352f77df-7fd7-4b33-a01a-59b15b506b10', NULL, NULL, 'Lazer', true),
	('16c8cce3-932b-487e-b1f4-bef124663091', NULL, NULL, 'Roupas', true),
	('bef08180-bd14-4a92-b626-7e61ffa184c9', NULL, NULL, 'Restaurantes', true),
	('3a83df18-f7cc-4d66-a0d3-d638e78bc2fa', NULL, NULL, 'Investimentos', true),
	('14a98d0e-adc0-4d9d-ac3b-5fc0c3fae2b6', NULL, NULL, 'Reembolsos', true),
	('1bea3c49-554b-4a30-93c9-6da171d7197e', NULL, NULL, 'Outros', true);


--
-- Data for Name: category_memory; Type: TABLE DATA; Schema: public; Owner: postgres
--



--
-- Data for Name: connected_accounts; Type: TABLE DATA; Schema: public; Owner: postgres
--



--
-- Data for Name: recurring_expenses; Type: TABLE DATA; Schema: public; Owner: postgres
--

INSERT INTO "public"."recurring_expenses" ("id", "household_id", "paid_by", "category_id", "amount_cents", "description", "split_rule_type", "split_rule_payer_percent", "active", "created_at", "installment_count") VALUES
	('8f26d5bc-2bc4-44e5-860c-15d59bd1464a', '0a78a0fd-885c-4441-80b2-3a6b0f61eea3', '8a0881f3-bfad-4e43-8ac0-7f1e74c8da4b', '995a6b3b-3ca9-4804-95bb-15a3324b1872', 450000, 'aluguel', 'EQUAL', NULL, false, '2026-06-03 18:43:41.390735+00', NULL),
	('a9dc77c5-b03d-4b87-8d2f-322652e6cce7', '0a78a0fd-885c-4441-80b2-3a6b0f61eea3', '8a0881f3-bfad-4e43-8ac0-7f1e74c8da4b', '8f811712-0c4b-497a-8c04-d1ee00c066cd', 58000, 'Convênio', 'EQUAL', NULL, true, '2026-06-08 04:10:08.371347+00', NULL),
	('16a1bb47-01d3-45f8-a69b-46d46212eccd', '0a78a0fd-885c-4441-80b2-3a6b0f61eea3', '8a0881f3-bfad-4e43-8ac0-7f1e74c8da4b', '8f811712-0c4b-497a-8c04-d1ee00c066cd', 7000, 'Convênio odonto', 'EQUAL', NULL, true, '2026-06-08 04:11:21.116302+00', NULL),
	('db99de2d-eac5-46eb-8461-63763e4fe866', '0a78a0fd-885c-4441-80b2-3a6b0f61eea3', '8a0881f3-bfad-4e43-8ac0-7f1e74c8da4b', 'c172b93f-fcc4-4e99-928d-06f3a62b87e3', 29000, 'Seguro do carro', 'EQUAL', NULL, true, '2026-06-08 04:11:51.10714+00', NULL),
	('61478fa5-ac89-46be-b376-daf5d5094e9a', '0a78a0fd-885c-4441-80b2-3a6b0f61eea3', '8a0881f3-bfad-4e43-8ac0-7f1e74c8da4b', '995a6b3b-3ca9-4804-95bb-15a3324b1872', 25000, 'Luz', 'EQUAL', NULL, true, '2026-06-08 04:12:10.640713+00', NULL),
	('b0305c52-24b0-4957-bb0e-9a0f95fadfdc', '0a78a0fd-885c-4441-80b2-3a6b0f61eea3', '8a0881f3-bfad-4e43-8ac0-7f1e74c8da4b', '0207d087-6ead-49d5-b9c7-f3bfa0aa16e5', 223500, 'Escola do Thomas', 'EQUAL', NULL, true, '2026-06-08 04:12:39.370351+00', NULL),
	('c3fe5720-bdc1-4d53-b1bc-95f32fb76bec', '0a78a0fd-885c-4441-80b2-3a6b0f61eea3', '8a0881f3-bfad-4e43-8ac0-7f1e74c8da4b', '995a6b3b-3ca9-4804-95bb-15a3324b1872', 20000, 'Gás', 'EQUAL', NULL, true, '2026-06-08 04:12:52.625837+00', NULL),
	('ee601f38-ab48-4679-9734-2d5f58e277ad', '0a78a0fd-885c-4441-80b2-3a6b0f61eea3', '8a0881f3-bfad-4e43-8ac0-7f1e74c8da4b', 'da295923-d0a5-42e5-aed7-0bb942908b41', 95000, 'Mercado', 'EQUAL', NULL, true, '2026-06-08 04:13:20.642105+00', NULL),
	('ce327c35-2563-4ba6-80b1-82e4a1f4cf7c', '0a78a0fd-885c-4441-80b2-3a6b0f61eea3', '8a0881f3-bfad-4e43-8ac0-7f1e74c8da4b', '352f77df-7fd7-4b33-a01a-59b15b506b10', 45000, 'Maconha', 'EQUAL', NULL, true, '2026-06-08 04:13:48.183464+00', NULL),
	('3ffde81c-b2b7-4aed-98cc-f38342c39afc', '0a78a0fd-885c-4441-80b2-3a6b0f61eea3', '8a0881f3-bfad-4e43-8ac0-7f1e74c8da4b', 'ecb12d66-1db9-4a78-9a72-353aad218916', 80000, 'Faxineira', 'EQUAL', NULL, true, '2026-06-08 04:14:04.067784+00', NULL),
	('750f751b-d900-429f-a3c8-d37b2a91a1d5', '0a78a0fd-885c-4441-80b2-3a6b0f61eea3', '8a0881f3-bfad-4e43-8ac0-7f1e74c8da4b', '995a6b3b-3ca9-4804-95bb-15a3324b1872', 430000, 'Aluguel', 'EQUAL', NULL, true, '2026-06-03 19:47:06.613587+00', NULL);


--
-- Data for Name: expenses; Type: TABLE DATA; Schema: public; Owner: postgres
--

INSERT INTO "public"."expenses" ("id", "household_id", "paid_by", "category_id", "occurred_at", "amount_cents", "description", "split_rule_type", "split_rule_payer_percent", "source_id", "external_id", "imported_at", "recurring_expense_id", "is_recurring") VALUES
	('72c5a7aa-8f30-41d9-87c3-20e03d326edd', '0a78a0fd-885c-4441-80b2-3a6b0f61eea3', '8a0881f3-bfad-4e43-8ac0-7f1e74c8da4b', '995a6b3b-3ca9-4804-95bb-15a3324b1872', '2026-01-01', 430000, 'Aluguel', 'EQUAL', NULL, 'manual', '72c5a7aa-8f30-41d9-87c3-20e03d326edd', '2026-06-08 04:14:47.425+00', NULL, true),
	('4ed64c2a-feae-4399-aaa3-a17e7bcca85f', '0a78a0fd-885c-4441-80b2-3a6b0f61eea3', '8a0881f3-bfad-4e43-8ac0-7f1e74c8da4b', '8f811712-0c4b-497a-8c04-d1ee00c066cd', '2026-09-01', 58000, 'Convênio', 'EQUAL', NULL, 'recurring', 'a9dc77c5-b03d-4b87-8d2f-322652e6cce7-2026-09', '2026-06-08 04:10:08.453+00', 'a9dc77c5-b03d-4b87-8d2f-322652e6cce7', true),
	('c13c7216-9ae5-4a88-a186-0e3cbf181d75', '0a78a0fd-885c-4441-80b2-3a6b0f61eea3', '8a0881f3-bfad-4e43-8ac0-7f1e74c8da4b', '995a6b3b-3ca9-4804-95bb-15a3324b1872', '2026-02-01', 430000, 'aluguel', 'EQUAL', NULL, 'recurring', '750f751b-d900-429f-a3c8-d37b2a91a1d5-2026-02', '2026-06-03 19:47:06.632+00', '750f751b-d900-429f-a3c8-d37b2a91a1d5', true),
	('50179a04-de87-4173-9355-f0bb6afd2800', '0a78a0fd-885c-4441-80b2-3a6b0f61eea3', '8a0881f3-bfad-4e43-8ac0-7f1e74c8da4b', '995a6b3b-3ca9-4804-95bb-15a3324b1872', '2026-03-01', 430000, 'aluguel', 'EQUAL', NULL, 'recurring', '750f751b-d900-429f-a3c8-d37b2a91a1d5-2026-03', '2026-06-03 19:47:06.642+00', '750f751b-d900-429f-a3c8-d37b2a91a1d5', true),
	('31912486-1f3d-4f19-9796-aff6c09eb1c0', '0a78a0fd-885c-4441-80b2-3a6b0f61eea3', '8a0881f3-bfad-4e43-8ac0-7f1e74c8da4b', '995a6b3b-3ca9-4804-95bb-15a3324b1872', '2026-04-01', 430000, 'aluguel', 'EQUAL', NULL, 'recurring', '750f751b-d900-429f-a3c8-d37b2a91a1d5-2026-04', '2026-06-03 19:47:06.651+00', '750f751b-d900-429f-a3c8-d37b2a91a1d5', true),
	('91e0ca23-0cee-44f3-ab73-6e59f09fad18', '0a78a0fd-885c-4441-80b2-3a6b0f61eea3', '8a0881f3-bfad-4e43-8ac0-7f1e74c8da4b', '995a6b3b-3ca9-4804-95bb-15a3324b1872', '2026-05-01', 430000, 'aluguel', 'EQUAL', NULL, 'recurring', '750f751b-d900-429f-a3c8-d37b2a91a1d5-2026-05', '2026-06-03 19:47:06.66+00', '750f751b-d900-429f-a3c8-d37b2a91a1d5', true),
	('449158c7-a3f7-4823-a00f-232e5b249435', '0a78a0fd-885c-4441-80b2-3a6b0f61eea3', '8a0881f3-bfad-4e43-8ac0-7f1e74c8da4b', '8f811712-0c4b-497a-8c04-d1ee00c066cd', '2026-01-01', 58000, 'Convênio', 'EQUAL', NULL, 'recurring', 'a9dc77c5-b03d-4b87-8d2f-322652e6cce7-2026-01', '2026-06-08 04:10:08.375+00', 'a9dc77c5-b03d-4b87-8d2f-322652e6cce7', true),
	('448c5d91-065a-4c5f-b196-d4c0e8c138e0', '0a78a0fd-885c-4441-80b2-3a6b0f61eea3', '8a0881f3-bfad-4e43-8ac0-7f1e74c8da4b', '8f811712-0c4b-497a-8c04-d1ee00c066cd', '2026-02-01', 58000, 'Convênio', 'EQUAL', NULL, 'recurring', 'a9dc77c5-b03d-4b87-8d2f-322652e6cce7-2026-02', '2026-06-08 04:10:08.386+00', 'a9dc77c5-b03d-4b87-8d2f-322652e6cce7', true),
	('80002016-bf2d-4def-afc4-3f25dbc68c8a', '0a78a0fd-885c-4441-80b2-3a6b0f61eea3', '8a0881f3-bfad-4e43-8ac0-7f1e74c8da4b', '8f811712-0c4b-497a-8c04-d1ee00c066cd', '2026-03-01', 58000, 'Convênio', 'EQUAL', NULL, 'recurring', 'a9dc77c5-b03d-4b87-8d2f-322652e6cce7-2026-03', '2026-06-08 04:10:08.397+00', 'a9dc77c5-b03d-4b87-8d2f-322652e6cce7', true),
	('6ceb7eb6-6ba7-4cd1-a11f-6b46f03b050c', '0a78a0fd-885c-4441-80b2-3a6b0f61eea3', '8a0881f3-bfad-4e43-8ac0-7f1e74c8da4b', '8f811712-0c4b-497a-8c04-d1ee00c066cd', '2026-04-01', 58000, 'Convênio', 'EQUAL', NULL, 'recurring', 'a9dc77c5-b03d-4b87-8d2f-322652e6cce7-2026-04', '2026-06-08 04:10:08.409+00', 'a9dc77c5-b03d-4b87-8d2f-322652e6cce7', true),
	('a765cf35-f900-4154-b863-b24b2d608097', '0a78a0fd-885c-4441-80b2-3a6b0f61eea3', '8a0881f3-bfad-4e43-8ac0-7f1e74c8da4b', '8f811712-0c4b-497a-8c04-d1ee00c066cd', '2026-05-01', 58000, 'Convênio', 'EQUAL', NULL, 'recurring', 'a9dc77c5-b03d-4b87-8d2f-322652e6cce7-2026-05', '2026-06-08 04:10:08.418+00', 'a9dc77c5-b03d-4b87-8d2f-322652e6cce7', true),
	('8231c176-9657-410a-850e-3a696fde8fbe', '0a78a0fd-885c-4441-80b2-3a6b0f61eea3', '8a0881f3-bfad-4e43-8ac0-7f1e74c8da4b', '8f811712-0c4b-497a-8c04-d1ee00c066cd', '2026-06-01', 58000, 'Convênio', 'EQUAL', NULL, 'recurring', 'a9dc77c5-b03d-4b87-8d2f-322652e6cce7-2026-06', '2026-06-08 04:10:08.427+00', 'a9dc77c5-b03d-4b87-8d2f-322652e6cce7', true),
	('c47582ed-289a-488f-bd82-04b376d2d766', '0a78a0fd-885c-4441-80b2-3a6b0f61eea3', '8a0881f3-bfad-4e43-8ac0-7f1e74c8da4b', '8f811712-0c4b-497a-8c04-d1ee00c066cd', '2026-07-01', 58000, 'Convênio', 'EQUAL', NULL, 'recurring', 'a9dc77c5-b03d-4b87-8d2f-322652e6cce7-2026-07', '2026-06-08 04:10:08.435+00', 'a9dc77c5-b03d-4b87-8d2f-322652e6cce7', true),
	('f0ebe175-d9a4-4cf2-b6b0-972711e6bb3e', '0a78a0fd-885c-4441-80b2-3a6b0f61eea3', '8a0881f3-bfad-4e43-8ac0-7f1e74c8da4b', '8f811712-0c4b-497a-8c04-d1ee00c066cd', '2026-08-01', 58000, 'Convênio', 'EQUAL', NULL, 'recurring', 'a9dc77c5-b03d-4b87-8d2f-322652e6cce7-2026-08', '2026-06-08 04:10:08.444+00', 'a9dc77c5-b03d-4b87-8d2f-322652e6cce7', true),
	('48303bbb-a411-4206-a846-5ace0f008ec5', '0a78a0fd-885c-4441-80b2-3a6b0f61eea3', '8a0881f3-bfad-4e43-8ac0-7f1e74c8da4b', '8f811712-0c4b-497a-8c04-d1ee00c066cd', '2026-10-01', 58000, 'Convênio', 'EQUAL', NULL, 'recurring', 'a9dc77c5-b03d-4b87-8d2f-322652e6cce7-2026-10', '2026-06-08 04:10:08.462+00', 'a9dc77c5-b03d-4b87-8d2f-322652e6cce7', true),
	('6fe76a27-ab3d-4064-a79c-af36078db465', '0a78a0fd-885c-4441-80b2-3a6b0f61eea3', '8a0881f3-bfad-4e43-8ac0-7f1e74c8da4b', '8f811712-0c4b-497a-8c04-d1ee00c066cd', '2026-11-01', 58000, 'Convênio', 'EQUAL', NULL, 'recurring', 'a9dc77c5-b03d-4b87-8d2f-322652e6cce7-2026-11', '2026-06-08 04:10:08.471+00', 'a9dc77c5-b03d-4b87-8d2f-322652e6cce7', true),
	('af995e04-5aa5-403b-b06e-ff659c3689b6', '0a78a0fd-885c-4441-80b2-3a6b0f61eea3', '8a0881f3-bfad-4e43-8ac0-7f1e74c8da4b', '8f811712-0c4b-497a-8c04-d1ee00c066cd', '2026-12-01', 58000, 'Convênio', 'EQUAL', NULL, 'recurring', 'a9dc77c5-b03d-4b87-8d2f-322652e6cce7-2026-12', '2026-06-08 04:10:08.479+00', 'a9dc77c5-b03d-4b87-8d2f-322652e6cce7', true),
	('cbd7b3c8-18d5-4082-a512-fa3c6f301720', '0a78a0fd-885c-4441-80b2-3a6b0f61eea3', '8a0881f3-bfad-4e43-8ac0-7f1e74c8da4b', '8f811712-0c4b-497a-8c04-d1ee00c066cd', '2026-01-01', 7000, 'Convênio odonto', 'EQUAL', NULL, 'recurring', '16a1bb47-01d3-45f8-a69b-46d46212eccd-2026-01', '2026-06-08 04:11:21.121+00', '16a1bb47-01d3-45f8-a69b-46d46212eccd', true),
	('cf3a8c8c-4e3b-4dc6-aaa2-138992c67321', '0a78a0fd-885c-4441-80b2-3a6b0f61eea3', '8a0881f3-bfad-4e43-8ac0-7f1e74c8da4b', '8f811712-0c4b-497a-8c04-d1ee00c066cd', '2026-02-01', 7000, 'Convênio odonto', 'EQUAL', NULL, 'recurring', '16a1bb47-01d3-45f8-a69b-46d46212eccd-2026-02', '2026-06-08 04:11:21.15+00', '16a1bb47-01d3-45f8-a69b-46d46212eccd', true),
	('11ae9224-e6bd-4c89-9af3-3ad508b6df4f', '0a78a0fd-885c-4441-80b2-3a6b0f61eea3', '8a0881f3-bfad-4e43-8ac0-7f1e74c8da4b', '8f811712-0c4b-497a-8c04-d1ee00c066cd', '2026-03-01', 7000, 'Convênio odonto', 'EQUAL', NULL, 'recurring', '16a1bb47-01d3-45f8-a69b-46d46212eccd-2026-03', '2026-06-08 04:11:21.18+00', '16a1bb47-01d3-45f8-a69b-46d46212eccd', true),
	('e4b2a081-a850-451a-8e0b-a6bbd09011ef', '0a78a0fd-885c-4441-80b2-3a6b0f61eea3', '8a0881f3-bfad-4e43-8ac0-7f1e74c8da4b', '8f811712-0c4b-497a-8c04-d1ee00c066cd', '2026-04-01', 7000, 'Convênio odonto', 'EQUAL', NULL, 'recurring', '16a1bb47-01d3-45f8-a69b-46d46212eccd-2026-04', '2026-06-08 04:11:21.199+00', '16a1bb47-01d3-45f8-a69b-46d46212eccd', true),
	('d337490c-1f3f-48cb-8495-a5d53328a826', '0a78a0fd-885c-4441-80b2-3a6b0f61eea3', '8a0881f3-bfad-4e43-8ac0-7f1e74c8da4b', '8f811712-0c4b-497a-8c04-d1ee00c066cd', '2026-05-01', 7000, 'Convênio odonto', 'EQUAL', NULL, 'recurring', '16a1bb47-01d3-45f8-a69b-46d46212eccd-2026-05', '2026-06-08 04:11:21.208+00', '16a1bb47-01d3-45f8-a69b-46d46212eccd', true),
	('e5be871c-232e-4fc9-bec2-302ccbb53888', '0a78a0fd-885c-4441-80b2-3a6b0f61eea3', '8a0881f3-bfad-4e43-8ac0-7f1e74c8da4b', '8f811712-0c4b-497a-8c04-d1ee00c066cd', '2026-06-01', 7000, 'Convênio odonto', 'EQUAL', NULL, 'recurring', '16a1bb47-01d3-45f8-a69b-46d46212eccd-2026-06', '2026-06-08 04:11:21.216+00', '16a1bb47-01d3-45f8-a69b-46d46212eccd', true),
	('b4ee7d54-3440-428b-b9e9-f2ca2d490ca2', '0a78a0fd-885c-4441-80b2-3a6b0f61eea3', '8a0881f3-bfad-4e43-8ac0-7f1e74c8da4b', '8f811712-0c4b-497a-8c04-d1ee00c066cd', '2026-07-01', 7000, 'Convênio odonto', 'EQUAL', NULL, 'recurring', '16a1bb47-01d3-45f8-a69b-46d46212eccd-2026-07', '2026-06-08 04:11:21.224+00', '16a1bb47-01d3-45f8-a69b-46d46212eccd', true),
	('756fd878-8ff1-490f-a55f-db689706ea87', '0a78a0fd-885c-4441-80b2-3a6b0f61eea3', '8a0881f3-bfad-4e43-8ac0-7f1e74c8da4b', '8f811712-0c4b-497a-8c04-d1ee00c066cd', '2026-08-01', 7000, 'Convênio odonto', 'EQUAL', NULL, 'recurring', '16a1bb47-01d3-45f8-a69b-46d46212eccd-2026-08', '2026-06-08 04:11:21.233+00', '16a1bb47-01d3-45f8-a69b-46d46212eccd', true),
	('931468e5-0de6-470f-8017-df0e893eeda1', '0a78a0fd-885c-4441-80b2-3a6b0f61eea3', '8a0881f3-bfad-4e43-8ac0-7f1e74c8da4b', '8f811712-0c4b-497a-8c04-d1ee00c066cd', '2026-09-01', 7000, 'Convênio odonto', 'EQUAL', NULL, 'recurring', '16a1bb47-01d3-45f8-a69b-46d46212eccd-2026-09', '2026-06-08 04:11:21.241+00', '16a1bb47-01d3-45f8-a69b-46d46212eccd', true),
	('66381ded-6524-4800-9047-9663e53a8660', '0a78a0fd-885c-4441-80b2-3a6b0f61eea3', '8a0881f3-bfad-4e43-8ac0-7f1e74c8da4b', '8f811712-0c4b-497a-8c04-d1ee00c066cd', '2026-10-01', 7000, 'Convênio odonto', 'EQUAL', NULL, 'recurring', '16a1bb47-01d3-45f8-a69b-46d46212eccd-2026-10', '2026-06-08 04:11:21.249+00', '16a1bb47-01d3-45f8-a69b-46d46212eccd', true),
	('fe40414f-c351-4ff6-8c40-0cf11699d269', '0a78a0fd-885c-4441-80b2-3a6b0f61eea3', '8a0881f3-bfad-4e43-8ac0-7f1e74c8da4b', '8f811712-0c4b-497a-8c04-d1ee00c066cd', '2026-11-01', 7000, 'Convênio odonto', 'EQUAL', NULL, 'recurring', '16a1bb47-01d3-45f8-a69b-46d46212eccd-2026-11', '2026-06-08 04:11:21.258+00', '16a1bb47-01d3-45f8-a69b-46d46212eccd', true),
	('0d53f4ad-3654-41ad-882d-249a498d4d5d', '0a78a0fd-885c-4441-80b2-3a6b0f61eea3', '8a0881f3-bfad-4e43-8ac0-7f1e74c8da4b', '995a6b3b-3ca9-4804-95bb-15a3324b1872', '2026-11-01', 430000, 'Aluguel', 'EQUAL', NULL, 'recurring', '750f751b-d900-429f-a3c8-d37b2a91a1d5-2026-11', '2026-06-03 19:47:06.77+00', '750f751b-d900-429f-a3c8-d37b2a91a1d5', true),
	('efd47d1d-699c-4ea3-a4a7-d142de9951fd', '0a78a0fd-885c-4441-80b2-3a6b0f61eea3', '8a0881f3-bfad-4e43-8ac0-7f1e74c8da4b', '8f811712-0c4b-497a-8c04-d1ee00c066cd', '2026-12-01', 7000, 'Convênio odonto', 'EQUAL', NULL, 'recurring', '16a1bb47-01d3-45f8-a69b-46d46212eccd-2026-12', '2026-06-08 04:11:21.266+00', '16a1bb47-01d3-45f8-a69b-46d46212eccd', true),
	('ed02ca31-5f17-4652-8cda-61d8ea4cdc65', '0a78a0fd-885c-4441-80b2-3a6b0f61eea3', '8a0881f3-bfad-4e43-8ac0-7f1e74c8da4b', 'c172b93f-fcc4-4e99-928d-06f3a62b87e3', '2026-01-01', 29000, 'Seguro do carro', 'EQUAL', NULL, 'recurring', 'db99de2d-eac5-46eb-8461-63763e4fe866-2026-01', '2026-06-08 04:11:51.11+00', 'db99de2d-eac5-46eb-8461-63763e4fe866', true),
	('5b7a32d7-9ef6-4579-8909-d76246ccafd2', '0a78a0fd-885c-4441-80b2-3a6b0f61eea3', '8a0881f3-bfad-4e43-8ac0-7f1e74c8da4b', 'c172b93f-fcc4-4e99-928d-06f3a62b87e3', '2026-02-01', 29000, 'Seguro do carro', 'EQUAL', NULL, 'recurring', 'db99de2d-eac5-46eb-8461-63763e4fe866-2026-02', '2026-06-08 04:11:51.12+00', 'db99de2d-eac5-46eb-8461-63763e4fe866', true),
	('41c042ec-20b2-49ac-8a49-5c7240c3d1ff', '0a78a0fd-885c-4441-80b2-3a6b0f61eea3', '8a0881f3-bfad-4e43-8ac0-7f1e74c8da4b', 'c172b93f-fcc4-4e99-928d-06f3a62b87e3', '2026-03-01', 29000, 'Seguro do carro', 'EQUAL', NULL, 'recurring', 'db99de2d-eac5-46eb-8461-63763e4fe866-2026-03', '2026-06-08 04:11:51.13+00', 'db99de2d-eac5-46eb-8461-63763e4fe866', true),
	('7e05ac96-3938-4de5-8c47-920fe5b89891', '0a78a0fd-885c-4441-80b2-3a6b0f61eea3', '8a0881f3-bfad-4e43-8ac0-7f1e74c8da4b', 'c172b93f-fcc4-4e99-928d-06f3a62b87e3', '2026-04-01', 29000, 'Seguro do carro', 'EQUAL', NULL, 'recurring', 'db99de2d-eac5-46eb-8461-63763e4fe866-2026-04', '2026-06-08 04:11:51.141+00', 'db99de2d-eac5-46eb-8461-63763e4fe866', true),
	('05a1c980-393b-41db-b7af-a0f451845363', '0a78a0fd-885c-4441-80b2-3a6b0f61eea3', '8a0881f3-bfad-4e43-8ac0-7f1e74c8da4b', 'c172b93f-fcc4-4e99-928d-06f3a62b87e3', '2026-05-01', 29000, 'Seguro do carro', 'EQUAL', NULL, 'recurring', 'db99de2d-eac5-46eb-8461-63763e4fe866-2026-05', '2026-06-08 04:11:51.151+00', 'db99de2d-eac5-46eb-8461-63763e4fe866', true),
	('46d8e5bf-359e-4b01-84be-c222ebb4a746', '0a78a0fd-885c-4441-80b2-3a6b0f61eea3', '8a0881f3-bfad-4e43-8ac0-7f1e74c8da4b', 'c172b93f-fcc4-4e99-928d-06f3a62b87e3', '2026-06-01', 29000, 'Seguro do carro', 'EQUAL', NULL, 'recurring', 'db99de2d-eac5-46eb-8461-63763e4fe866-2026-06', '2026-06-08 04:11:51.16+00', 'db99de2d-eac5-46eb-8461-63763e4fe866', true),
	('69d5d8f3-5111-48c8-9d8e-1be41789a7ca', '0a78a0fd-885c-4441-80b2-3a6b0f61eea3', '8a0881f3-bfad-4e43-8ac0-7f1e74c8da4b', 'c172b93f-fcc4-4e99-928d-06f3a62b87e3', '2026-07-01', 29000, 'Seguro do carro', 'EQUAL', NULL, 'recurring', 'db99de2d-eac5-46eb-8461-63763e4fe866-2026-07', '2026-06-08 04:11:51.168+00', 'db99de2d-eac5-46eb-8461-63763e4fe866', true),
	('62e2164d-c4c2-4f17-bde9-60671845b1c4', '0a78a0fd-885c-4441-80b2-3a6b0f61eea3', '8a0881f3-bfad-4e43-8ac0-7f1e74c8da4b', 'c172b93f-fcc4-4e99-928d-06f3a62b87e3', '2026-08-01', 29000, 'Seguro do carro', 'EQUAL', NULL, 'recurring', 'db99de2d-eac5-46eb-8461-63763e4fe866-2026-08', '2026-06-08 04:11:51.176+00', 'db99de2d-eac5-46eb-8461-63763e4fe866', true),
	('49e994cf-5c18-4934-ab43-d3aa27cead1c', '0a78a0fd-885c-4441-80b2-3a6b0f61eea3', '8a0881f3-bfad-4e43-8ac0-7f1e74c8da4b', 'c172b93f-fcc4-4e99-928d-06f3a62b87e3', '2026-09-01', 29000, 'Seguro do carro', 'EQUAL', NULL, 'recurring', 'db99de2d-eac5-46eb-8461-63763e4fe866-2026-09', '2026-06-08 04:11:51.184+00', 'db99de2d-eac5-46eb-8461-63763e4fe866', true),
	('4d6505ac-89a5-4d84-a4c6-92996f23e74e', '0a78a0fd-885c-4441-80b2-3a6b0f61eea3', '8a0881f3-bfad-4e43-8ac0-7f1e74c8da4b', 'c172b93f-fcc4-4e99-928d-06f3a62b87e3', '2026-10-01', 29000, 'Seguro do carro', 'EQUAL', NULL, 'recurring', 'db99de2d-eac5-46eb-8461-63763e4fe866-2026-10', '2026-06-08 04:11:51.193+00', 'db99de2d-eac5-46eb-8461-63763e4fe866', true),
	('2ead3524-e506-4f11-a730-f70b2a96d134', '0a78a0fd-885c-4441-80b2-3a6b0f61eea3', '8a0881f3-bfad-4e43-8ac0-7f1e74c8da4b', 'c172b93f-fcc4-4e99-928d-06f3a62b87e3', '2026-11-01', 29000, 'Seguro do carro', 'EQUAL', NULL, 'recurring', 'db99de2d-eac5-46eb-8461-63763e4fe866-2026-11', '2026-06-08 04:11:51.201+00', 'db99de2d-eac5-46eb-8461-63763e4fe866', true),
	('65bac941-aec1-4664-aafe-a70a1b27012c', '0a78a0fd-885c-4441-80b2-3a6b0f61eea3', '8a0881f3-bfad-4e43-8ac0-7f1e74c8da4b', 'c172b93f-fcc4-4e99-928d-06f3a62b87e3', '2026-12-01', 29000, 'Seguro do carro', 'EQUAL', NULL, 'recurring', 'db99de2d-eac5-46eb-8461-63763e4fe866-2026-12', '2026-06-08 04:11:51.209+00', 'db99de2d-eac5-46eb-8461-63763e4fe866', true),
	('92915567-00fa-4382-a9c4-20afd6dbd24f', '0a78a0fd-885c-4441-80b2-3a6b0f61eea3', '8a0881f3-bfad-4e43-8ac0-7f1e74c8da4b', '995a6b3b-3ca9-4804-95bb-15a3324b1872', '2026-01-01', 25000, 'Luz', 'EQUAL', NULL, 'recurring', '61478fa5-ac89-46be-b376-daf5d5094e9a-2026-01', '2026-06-08 04:12:10.643+00', '61478fa5-ac89-46be-b376-daf5d5094e9a', true),
	('9c40e236-f084-4edc-a467-8d150e1008e1', '0a78a0fd-885c-4441-80b2-3a6b0f61eea3', '8a0881f3-bfad-4e43-8ac0-7f1e74c8da4b', '995a6b3b-3ca9-4804-95bb-15a3324b1872', '2026-02-01', 25000, 'Luz', 'EQUAL', NULL, 'recurring', '61478fa5-ac89-46be-b376-daf5d5094e9a-2026-02', '2026-06-08 04:12:10.651+00', '61478fa5-ac89-46be-b376-daf5d5094e9a', true),
	('6f865e27-e89e-4ac5-9525-3b57fc97b7e1', '0a78a0fd-885c-4441-80b2-3a6b0f61eea3', '8a0881f3-bfad-4e43-8ac0-7f1e74c8da4b', '995a6b3b-3ca9-4804-95bb-15a3324b1872', '2026-03-01', 25000, 'Luz', 'EQUAL', NULL, 'recurring', '61478fa5-ac89-46be-b376-daf5d5094e9a-2026-03', '2026-06-08 04:12:10.661+00', '61478fa5-ac89-46be-b376-daf5d5094e9a', true),
	('6b11843b-9dec-4e29-ae37-a964e9456141', '0a78a0fd-885c-4441-80b2-3a6b0f61eea3', '8a0881f3-bfad-4e43-8ac0-7f1e74c8da4b', '995a6b3b-3ca9-4804-95bb-15a3324b1872', '2026-05-01', 25000, 'Luz', 'EQUAL', NULL, 'recurring', '61478fa5-ac89-46be-b376-daf5d5094e9a-2026-05', '2026-06-08 04:12:10.679+00', '61478fa5-ac89-46be-b376-daf5d5094e9a', true),
	('cfa39a85-ec50-4912-9cfc-857f01b3b8d2', '0a78a0fd-885c-4441-80b2-3a6b0f61eea3', '8a0881f3-bfad-4e43-8ac0-7f1e74c8da4b', '995a6b3b-3ca9-4804-95bb-15a3324b1872', '2026-06-01', 25000, 'Luz', 'EQUAL', NULL, 'recurring', '61478fa5-ac89-46be-b376-daf5d5094e9a-2026-06', '2026-06-08 04:12:10.688+00', '61478fa5-ac89-46be-b376-daf5d5094e9a', true),
	('373333ed-0d2c-4bc2-9e85-b26ff6d47ce5', '0a78a0fd-885c-4441-80b2-3a6b0f61eea3', '8a0881f3-bfad-4e43-8ac0-7f1e74c8da4b', '995a6b3b-3ca9-4804-95bb-15a3324b1872', '2026-08-01', 25000, 'Luz', 'EQUAL', NULL, 'recurring', '61478fa5-ac89-46be-b376-daf5d5094e9a-2026-08', '2026-06-08 04:12:10.704+00', '61478fa5-ac89-46be-b376-daf5d5094e9a', true),
	('60f480bc-60ef-4463-9884-529dfbd80455', '0a78a0fd-885c-4441-80b2-3a6b0f61eea3', '8a0881f3-bfad-4e43-8ac0-7f1e74c8da4b', '995a6b3b-3ca9-4804-95bb-15a3324b1872', '2026-09-01', 25000, 'Luz', 'EQUAL', NULL, 'recurring', '61478fa5-ac89-46be-b376-daf5d5094e9a-2026-09', '2026-06-08 04:12:10.712+00', '61478fa5-ac89-46be-b376-daf5d5094e9a', true),
	('3db9f530-cf2b-4ba9-9cbe-efa3dbddac91', '0a78a0fd-885c-4441-80b2-3a6b0f61eea3', '8a0881f3-bfad-4e43-8ac0-7f1e74c8da4b', '995a6b3b-3ca9-4804-95bb-15a3324b1872', '2026-11-01', 25000, 'Luz', 'EQUAL', NULL, 'recurring', '61478fa5-ac89-46be-b376-daf5d5094e9a-2026-11', '2026-06-08 04:12:10.727+00', '61478fa5-ac89-46be-b376-daf5d5094e9a', true),
	('734a2472-fe26-4593-8e37-b2ea2b06862b', '0a78a0fd-885c-4441-80b2-3a6b0f61eea3', '8a0881f3-bfad-4e43-8ac0-7f1e74c8da4b', '995a6b3b-3ca9-4804-95bb-15a3324b1872', '2026-12-01', 25000, 'Luz', 'EQUAL', NULL, 'recurring', '61478fa5-ac89-46be-b376-daf5d5094e9a-2026-12', '2026-06-08 04:12:10.735+00', '61478fa5-ac89-46be-b376-daf5d5094e9a', true),
	('59b2989a-50a1-4617-85f7-b9b7e6b05fc3', '0a78a0fd-885c-4441-80b2-3a6b0f61eea3', '8a0881f3-bfad-4e43-8ac0-7f1e74c8da4b', '995a6b3b-3ca9-4804-95bb-15a3324b1872', '2026-04-01', 25000, 'Luz', 'EQUAL', NULL, 'recurring', '61478fa5-ac89-46be-b376-daf5d5094e9a-2026-04', '2026-06-08 04:12:10.671+00', '61478fa5-ac89-46be-b376-daf5d5094e9a', true),
	('b8979061-c3ec-491d-9024-791975e509c3', '0a78a0fd-885c-4441-80b2-3a6b0f61eea3', '8a0881f3-bfad-4e43-8ac0-7f1e74c8da4b', '995a6b3b-3ca9-4804-95bb-15a3324b1872', '2026-07-01', 25000, 'Luz', 'EQUAL', NULL, 'recurring', '61478fa5-ac89-46be-b376-daf5d5094e9a-2026-07', '2026-06-08 04:12:10.696+00', '61478fa5-ac89-46be-b376-daf5d5094e9a', true),
	('d667974c-180a-4741-b7db-7a2f4f0390f4', '0a78a0fd-885c-4441-80b2-3a6b0f61eea3', '8a0881f3-bfad-4e43-8ac0-7f1e74c8da4b', '995a6b3b-3ca9-4804-95bb-15a3324b1872', '2026-10-01', 25000, 'Luz', 'EQUAL', NULL, 'recurring', '61478fa5-ac89-46be-b376-daf5d5094e9a-2026-10', '2026-06-08 04:12:10.719+00', '61478fa5-ac89-46be-b376-daf5d5094e9a', true),
	('dedd2983-06bf-4c5d-9367-b9aebc6fdb38', '0a78a0fd-885c-4441-80b2-3a6b0f61eea3', '8a0881f3-bfad-4e43-8ac0-7f1e74c8da4b', '0207d087-6ead-49d5-b9c7-f3bfa0aa16e5', '2026-01-01', 223500, 'Escola do Thomas', 'EQUAL', NULL, 'recurring', 'b0305c52-24b0-4957-bb0e-9a0f95fadfdc-2026-01', '2026-06-08 04:12:39.372+00', 'b0305c52-24b0-4957-bb0e-9a0f95fadfdc', true),
	('c010e14a-00cd-408e-b4d9-8de3fac52cff', '0a78a0fd-885c-4441-80b2-3a6b0f61eea3', '8a0881f3-bfad-4e43-8ac0-7f1e74c8da4b', '0207d087-6ead-49d5-b9c7-f3bfa0aa16e5', '2026-02-01', 223500, 'Escola do Thomas', 'EQUAL', NULL, 'recurring', 'b0305c52-24b0-4957-bb0e-9a0f95fadfdc-2026-02', '2026-06-08 04:12:39.382+00', 'b0305c52-24b0-4957-bb0e-9a0f95fadfdc', true),
	('5d8da0c2-198d-457b-9f64-ec2489b84d4a', '0a78a0fd-885c-4441-80b2-3a6b0f61eea3', '8a0881f3-bfad-4e43-8ac0-7f1e74c8da4b', '0207d087-6ead-49d5-b9c7-f3bfa0aa16e5', '2026-03-01', 223500, 'Escola do Thomas', 'EQUAL', NULL, 'recurring', 'b0305c52-24b0-4957-bb0e-9a0f95fadfdc-2026-03', '2026-06-08 04:12:39.391+00', 'b0305c52-24b0-4957-bb0e-9a0f95fadfdc', true),
	('053d98c9-cb62-4cf1-b776-7b34b88f4a88', '0a78a0fd-885c-4441-80b2-3a6b0f61eea3', '8a0881f3-bfad-4e43-8ac0-7f1e74c8da4b', '0207d087-6ead-49d5-b9c7-f3bfa0aa16e5', '2026-04-01', 223500, 'Escola do Thomas', 'EQUAL', NULL, 'recurring', 'b0305c52-24b0-4957-bb0e-9a0f95fadfdc-2026-04', '2026-06-08 04:12:39.4+00', 'b0305c52-24b0-4957-bb0e-9a0f95fadfdc', true),
	('9ed317fd-ab8e-48aa-8fa3-68adf4a111dd', '0a78a0fd-885c-4441-80b2-3a6b0f61eea3', '8a0881f3-bfad-4e43-8ac0-7f1e74c8da4b', '0207d087-6ead-49d5-b9c7-f3bfa0aa16e5', '2026-05-01', 223500, 'Escola do Thomas', 'EQUAL', NULL, 'recurring', 'b0305c52-24b0-4957-bb0e-9a0f95fadfdc-2026-05', '2026-06-08 04:12:39.408+00', 'b0305c52-24b0-4957-bb0e-9a0f95fadfdc', true),
	('effaebbc-bd59-475b-a764-f920f31accd7', '0a78a0fd-885c-4441-80b2-3a6b0f61eea3', '8a0881f3-bfad-4e43-8ac0-7f1e74c8da4b', '0207d087-6ead-49d5-b9c7-f3bfa0aa16e5', '2026-06-01', 223500, 'Escola do Thomas', 'EQUAL', NULL, 'recurring', 'b0305c52-24b0-4957-bb0e-9a0f95fadfdc-2026-06', '2026-06-08 04:12:39.416+00', 'b0305c52-24b0-4957-bb0e-9a0f95fadfdc', true),
	('d101765e-883c-4c77-a06a-dfd67675760a', '0a78a0fd-885c-4441-80b2-3a6b0f61eea3', '8a0881f3-bfad-4e43-8ac0-7f1e74c8da4b', '0207d087-6ead-49d5-b9c7-f3bfa0aa16e5', '2026-07-01', 223500, 'Escola do Thomas', 'EQUAL', NULL, 'recurring', 'b0305c52-24b0-4957-bb0e-9a0f95fadfdc-2026-07', '2026-06-08 04:12:39.426+00', 'b0305c52-24b0-4957-bb0e-9a0f95fadfdc', true),
	('dbf31141-05f8-4b1e-afe9-a0c52073ca39', '0a78a0fd-885c-4441-80b2-3a6b0f61eea3', '8a0881f3-bfad-4e43-8ac0-7f1e74c8da4b', '0207d087-6ead-49d5-b9c7-f3bfa0aa16e5', '2026-08-01', 223500, 'Escola do Thomas', 'EQUAL', NULL, 'recurring', 'b0305c52-24b0-4957-bb0e-9a0f95fadfdc-2026-08', '2026-06-08 04:12:39.433+00', 'b0305c52-24b0-4957-bb0e-9a0f95fadfdc', true),
	('643f6434-061f-419e-80e8-c577a89d462c', '0a78a0fd-885c-4441-80b2-3a6b0f61eea3', '8a0881f3-bfad-4e43-8ac0-7f1e74c8da4b', '0207d087-6ead-49d5-b9c7-f3bfa0aa16e5', '2026-09-01', 223500, 'Escola do Thomas', 'EQUAL', NULL, 'recurring', 'b0305c52-24b0-4957-bb0e-9a0f95fadfdc-2026-09', '2026-06-08 04:12:39.441+00', 'b0305c52-24b0-4957-bb0e-9a0f95fadfdc', true),
	('a8af05de-b63c-4d4f-baa3-f4b56d1474dc', '0a78a0fd-885c-4441-80b2-3a6b0f61eea3', '8a0881f3-bfad-4e43-8ac0-7f1e74c8da4b', '0207d087-6ead-49d5-b9c7-f3bfa0aa16e5', '2026-10-01', 223500, 'Escola do Thomas', 'EQUAL', NULL, 'recurring', 'b0305c52-24b0-4957-bb0e-9a0f95fadfdc-2026-10', '2026-06-08 04:12:39.449+00', 'b0305c52-24b0-4957-bb0e-9a0f95fadfdc', true),
	('0046c169-d186-4de6-8047-b74393e52cc5', '0a78a0fd-885c-4441-80b2-3a6b0f61eea3', '8a0881f3-bfad-4e43-8ac0-7f1e74c8da4b', '0207d087-6ead-49d5-b9c7-f3bfa0aa16e5', '2026-11-01', 223500, 'Escola do Thomas', 'EQUAL', NULL, 'recurring', 'b0305c52-24b0-4957-bb0e-9a0f95fadfdc-2026-11', '2026-06-08 04:12:39.456+00', 'b0305c52-24b0-4957-bb0e-9a0f95fadfdc', true),
	('1686a4ca-a1d7-4226-82b2-9206163933c8', '0a78a0fd-885c-4441-80b2-3a6b0f61eea3', '8a0881f3-bfad-4e43-8ac0-7f1e74c8da4b', '0207d087-6ead-49d5-b9c7-f3bfa0aa16e5', '2026-12-01', 223500, 'Escola do Thomas', 'EQUAL', NULL, 'recurring', 'b0305c52-24b0-4957-bb0e-9a0f95fadfdc-2026-12', '2026-06-08 04:12:39.464+00', 'b0305c52-24b0-4957-bb0e-9a0f95fadfdc', true),
	('a671a5a4-e86c-4f62-a34b-8c0256d7a0a1', '0a78a0fd-885c-4441-80b2-3a6b0f61eea3', '8a0881f3-bfad-4e43-8ac0-7f1e74c8da4b', '995a6b3b-3ca9-4804-95bb-15a3324b1872', '2026-01-01', 20000, 'Gás', 'EQUAL', NULL, 'recurring', 'c3fe5720-bdc1-4d53-b1bc-95f32fb76bec-2026-01', '2026-06-08 04:12:52.628+00', 'c3fe5720-bdc1-4d53-b1bc-95f32fb76bec', true),
	('a4114d72-6fde-4c5f-914a-10b6c8891d27', '0a78a0fd-885c-4441-80b2-3a6b0f61eea3', '8a0881f3-bfad-4e43-8ac0-7f1e74c8da4b', '995a6b3b-3ca9-4804-95bb-15a3324b1872', '2026-02-01', 20000, 'Gás', 'EQUAL', NULL, 'recurring', 'c3fe5720-bdc1-4d53-b1bc-95f32fb76bec-2026-02', '2026-06-08 04:12:52.637+00', 'c3fe5720-bdc1-4d53-b1bc-95f32fb76bec', true),
	('2983c9df-7991-493a-9950-2d2f0e32a41c', '0a78a0fd-885c-4441-80b2-3a6b0f61eea3', '8a0881f3-bfad-4e43-8ac0-7f1e74c8da4b', '995a6b3b-3ca9-4804-95bb-15a3324b1872', '2026-03-01', 20000, 'Gás', 'EQUAL', NULL, 'recurring', 'c3fe5720-bdc1-4d53-b1bc-95f32fb76bec-2026-03', '2026-06-08 04:12:52.647+00', 'c3fe5720-bdc1-4d53-b1bc-95f32fb76bec', true),
	('7ace31c0-6c82-437d-bb3b-385f1d939dfb', '0a78a0fd-885c-4441-80b2-3a6b0f61eea3', '8a0881f3-bfad-4e43-8ac0-7f1e74c8da4b', '995a6b3b-3ca9-4804-95bb-15a3324b1872', '2026-04-01', 20000, 'Gás', 'EQUAL', NULL, 'recurring', 'c3fe5720-bdc1-4d53-b1bc-95f32fb76bec-2026-04', '2026-06-08 04:12:52.656+00', 'c3fe5720-bdc1-4d53-b1bc-95f32fb76bec', true),
	('27c00f2d-9a35-417c-98ce-eba5c51b5791', '0a78a0fd-885c-4441-80b2-3a6b0f61eea3', '8a0881f3-bfad-4e43-8ac0-7f1e74c8da4b', '995a6b3b-3ca9-4804-95bb-15a3324b1872', '2026-05-01', 20000, 'Gás', 'EQUAL', NULL, 'recurring', 'c3fe5720-bdc1-4d53-b1bc-95f32fb76bec-2026-05', '2026-06-08 04:12:52.664+00', 'c3fe5720-bdc1-4d53-b1bc-95f32fb76bec', true),
	('cf910a4b-c89b-462a-91b2-ce60bb97c2eb', '0a78a0fd-885c-4441-80b2-3a6b0f61eea3', '8a0881f3-bfad-4e43-8ac0-7f1e74c8da4b', '995a6b3b-3ca9-4804-95bb-15a3324b1872', '2026-06-01', 20000, 'Gás', 'EQUAL', NULL, 'recurring', 'c3fe5720-bdc1-4d53-b1bc-95f32fb76bec-2026-06', '2026-06-08 04:12:52.672+00', 'c3fe5720-bdc1-4d53-b1bc-95f32fb76bec', true),
	('04cfcf18-6dc1-4486-b4e8-82059c96722e', '0a78a0fd-885c-4441-80b2-3a6b0f61eea3', '8a0881f3-bfad-4e43-8ac0-7f1e74c8da4b', '995a6b3b-3ca9-4804-95bb-15a3324b1872', '2026-07-01', 20000, 'Gás', 'EQUAL', NULL, 'recurring', 'c3fe5720-bdc1-4d53-b1bc-95f32fb76bec-2026-07', '2026-06-08 04:12:52.681+00', 'c3fe5720-bdc1-4d53-b1bc-95f32fb76bec', true),
	('36b2e2f0-e736-4e65-af3c-147d0b9c6fdd', '0a78a0fd-885c-4441-80b2-3a6b0f61eea3', '8a0881f3-bfad-4e43-8ac0-7f1e74c8da4b', '995a6b3b-3ca9-4804-95bb-15a3324b1872', '2026-08-01', 20000, 'Gás', 'EQUAL', NULL, 'recurring', 'c3fe5720-bdc1-4d53-b1bc-95f32fb76bec-2026-08', '2026-06-08 04:12:52.689+00', 'c3fe5720-bdc1-4d53-b1bc-95f32fb76bec', true),
	('5964f5fa-ef8c-4c95-95a3-64cadc21e399', '0a78a0fd-885c-4441-80b2-3a6b0f61eea3', '8a0881f3-bfad-4e43-8ac0-7f1e74c8da4b', '995a6b3b-3ca9-4804-95bb-15a3324b1872', '2026-09-01', 20000, 'Gás', 'EQUAL', NULL, 'recurring', 'c3fe5720-bdc1-4d53-b1bc-95f32fb76bec-2026-09', '2026-06-08 04:12:52.696+00', 'c3fe5720-bdc1-4d53-b1bc-95f32fb76bec', true),
	('ea969897-db07-4a5c-8325-f6fa163c57e7', '0a78a0fd-885c-4441-80b2-3a6b0f61eea3', '8a0881f3-bfad-4e43-8ac0-7f1e74c8da4b', '995a6b3b-3ca9-4804-95bb-15a3324b1872', '2026-10-01', 20000, 'Gás', 'EQUAL', NULL, 'recurring', 'c3fe5720-bdc1-4d53-b1bc-95f32fb76bec-2026-10', '2026-06-08 04:12:52.705+00', 'c3fe5720-bdc1-4d53-b1bc-95f32fb76bec', true),
	('7a7c8f77-125b-4ff8-9f9c-9e732932c3e8', '0a78a0fd-885c-4441-80b2-3a6b0f61eea3', '8a0881f3-bfad-4e43-8ac0-7f1e74c8da4b', '995a6b3b-3ca9-4804-95bb-15a3324b1872', '2026-11-01', 20000, 'Gás', 'EQUAL', NULL, 'recurring', 'c3fe5720-bdc1-4d53-b1bc-95f32fb76bec-2026-11', '2026-06-08 04:12:52.713+00', 'c3fe5720-bdc1-4d53-b1bc-95f32fb76bec', true),
	('b4b85d5e-1ad3-42b8-a529-1d9974d0f72e', '0a78a0fd-885c-4441-80b2-3a6b0f61eea3', '8a0881f3-bfad-4e43-8ac0-7f1e74c8da4b', '995a6b3b-3ca9-4804-95bb-15a3324b1872', '2026-12-01', 20000, 'Gás', 'EQUAL', NULL, 'recurring', 'c3fe5720-bdc1-4d53-b1bc-95f32fb76bec-2026-12', '2026-06-08 04:12:52.721+00', 'c3fe5720-bdc1-4d53-b1bc-95f32fb76bec', true),
	('0c1c85b4-67b2-4480-bc5c-abbe666598be', '0a78a0fd-885c-4441-80b2-3a6b0f61eea3', '8a0881f3-bfad-4e43-8ac0-7f1e74c8da4b', 'da295923-d0a5-42e5-aed7-0bb942908b41', '2026-01-01', 95000, 'Mercado', 'EQUAL', NULL, 'recurring', 'ee601f38-ab48-4679-9734-2d5f58e277ad-2026-01', '2026-06-08 04:13:20.645+00', 'ee601f38-ab48-4679-9734-2d5f58e277ad', true),
	('1b57e108-b379-4eb1-8b2d-7936569e9227', '0a78a0fd-885c-4441-80b2-3a6b0f61eea3', '8a0881f3-bfad-4e43-8ac0-7f1e74c8da4b', 'da295923-d0a5-42e5-aed7-0bb942908b41', '2026-02-01', 95000, 'Mercado', 'EQUAL', NULL, 'recurring', 'ee601f38-ab48-4679-9734-2d5f58e277ad-2026-02', '2026-06-08 04:13:20.656+00', 'ee601f38-ab48-4679-9734-2d5f58e277ad', true),
	('03d1dda8-b131-4573-a22d-9471b75de4c5', '0a78a0fd-885c-4441-80b2-3a6b0f61eea3', '8a0881f3-bfad-4e43-8ac0-7f1e74c8da4b', 'da295923-d0a5-42e5-aed7-0bb942908b41', '2026-03-01', 95000, 'Mercado', 'EQUAL', NULL, 'recurring', 'ee601f38-ab48-4679-9734-2d5f58e277ad-2026-03', '2026-06-08 04:13:20.666+00', 'ee601f38-ab48-4679-9734-2d5f58e277ad', true),
	('80b975b7-5ef8-43ab-b45b-8191c894e516', '0a78a0fd-885c-4441-80b2-3a6b0f61eea3', '8a0881f3-bfad-4e43-8ac0-7f1e74c8da4b', 'da295923-d0a5-42e5-aed7-0bb942908b41', '2026-04-01', 95000, 'Mercado', 'EQUAL', NULL, 'recurring', 'ee601f38-ab48-4679-9734-2d5f58e277ad-2026-04', '2026-06-08 04:13:20.676+00', 'ee601f38-ab48-4679-9734-2d5f58e277ad', true),
	('5da802b3-5f48-45ca-949f-6f94b1a21a13', '0a78a0fd-885c-4441-80b2-3a6b0f61eea3', '8a0881f3-bfad-4e43-8ac0-7f1e74c8da4b', 'da295923-d0a5-42e5-aed7-0bb942908b41', '2026-05-01', 95000, 'Mercado', 'EQUAL', NULL, 'recurring', 'ee601f38-ab48-4679-9734-2d5f58e277ad-2026-05', '2026-06-08 04:13:20.72+00', 'ee601f38-ab48-4679-9734-2d5f58e277ad', true),
	('d5458730-0f4d-4160-ae8e-f7d7bc2444ea', '0a78a0fd-885c-4441-80b2-3a6b0f61eea3', '8a0881f3-bfad-4e43-8ac0-7f1e74c8da4b', 'da295923-d0a5-42e5-aed7-0bb942908b41', '2026-06-01', 95000, 'Mercado', 'EQUAL', NULL, 'recurring', 'ee601f38-ab48-4679-9734-2d5f58e277ad-2026-06', '2026-06-08 04:13:20.728+00', 'ee601f38-ab48-4679-9734-2d5f58e277ad', true),
	('bd49cd82-1591-454c-ac27-d69181f8ed5a', '0a78a0fd-885c-4441-80b2-3a6b0f61eea3', '8a0881f3-bfad-4e43-8ac0-7f1e74c8da4b', 'da295923-d0a5-42e5-aed7-0bb942908b41', '2026-07-01', 95000, 'Mercado', 'EQUAL', NULL, 'recurring', 'ee601f38-ab48-4679-9734-2d5f58e277ad-2026-07', '2026-06-08 04:13:20.736+00', 'ee601f38-ab48-4679-9734-2d5f58e277ad', true),
	('20ee8c6c-5445-4b91-a633-af56f526f22f', '0a78a0fd-885c-4441-80b2-3a6b0f61eea3', '8a0881f3-bfad-4e43-8ac0-7f1e74c8da4b', 'da295923-d0a5-42e5-aed7-0bb942908b41', '2026-08-01', 95000, 'Mercado', 'EQUAL', NULL, 'recurring', 'ee601f38-ab48-4679-9734-2d5f58e277ad-2026-08', '2026-06-08 04:13:20.744+00', 'ee601f38-ab48-4679-9734-2d5f58e277ad', true),
	('f753ad83-eb3a-4b2d-af3f-c9d4eac0237c', '0a78a0fd-885c-4441-80b2-3a6b0f61eea3', '8a0881f3-bfad-4e43-8ac0-7f1e74c8da4b', 'da295923-d0a5-42e5-aed7-0bb942908b41', '2026-09-01', 95000, 'Mercado', 'EQUAL', NULL, 'recurring', 'ee601f38-ab48-4679-9734-2d5f58e277ad-2026-09', '2026-06-08 04:13:20.752+00', 'ee601f38-ab48-4679-9734-2d5f58e277ad', true),
	('a5ca388d-582a-4b04-a4ef-030a78926e72', '0a78a0fd-885c-4441-80b2-3a6b0f61eea3', '8a0881f3-bfad-4e43-8ac0-7f1e74c8da4b', 'da295923-d0a5-42e5-aed7-0bb942908b41', '2026-12-01', 95000, 'Mercado', 'EQUAL', NULL, 'recurring', 'ee601f38-ab48-4679-9734-2d5f58e277ad-2026-12', '2026-06-08 04:13:20.777+00', 'ee601f38-ab48-4679-9734-2d5f58e277ad', true),
	('619a9b06-5546-4d67-aa3e-1837536dde09', '0a78a0fd-885c-4441-80b2-3a6b0f61eea3', '8a0881f3-bfad-4e43-8ac0-7f1e74c8da4b', 'ecb12d66-1db9-4a78-9a72-353aad218916', '2026-03-01', 80000, 'Faxineira', 'EQUAL', NULL, 'recurring', '3ffde81c-b2b7-4aed-98cc-f38342c39afc-2026-03', '2026-06-08 04:14:04.085+00', '3ffde81c-b2b7-4aed-98cc-f38342c39afc', true),
	('c691e2ad-25f6-4194-bbde-4d9cae8fd432', '0a78a0fd-885c-4441-80b2-3a6b0f61eea3', '8a0881f3-bfad-4e43-8ac0-7f1e74c8da4b', 'ecb12d66-1db9-4a78-9a72-353aad218916', '2026-06-01', 80000, 'Faxineira', 'EQUAL', NULL, 'recurring', '3ffde81c-b2b7-4aed-98cc-f38342c39afc-2026-06', '2026-06-08 04:14:04.11+00', '3ffde81c-b2b7-4aed-98cc-f38342c39afc', true),
	('ee74d959-274e-49f8-9bfa-552955989132', '0a78a0fd-885c-4441-80b2-3a6b0f61eea3', '8a0881f3-bfad-4e43-8ac0-7f1e74c8da4b', 'ecb12d66-1db9-4a78-9a72-353aad218916', '2026-09-01', 80000, 'Faxineira', 'EQUAL', NULL, 'recurring', '3ffde81c-b2b7-4aed-98cc-f38342c39afc-2026-09', '2026-06-08 04:14:04.133+00', '3ffde81c-b2b7-4aed-98cc-f38342c39afc', true),
	('ed9d739f-9af2-40dd-91e6-c6c63479c1e3', '0a78a0fd-885c-4441-80b2-3a6b0f61eea3', '8a0881f3-bfad-4e43-8ac0-7f1e74c8da4b', 'ecb12d66-1db9-4a78-9a72-353aad218916', '2026-12-01', 80000, 'Faxineira', 'EQUAL', NULL, 'recurring', '3ffde81c-b2b7-4aed-98cc-f38342c39afc-2026-12', '2026-06-08 04:14:04.156+00', '3ffde81c-b2b7-4aed-98cc-f38342c39afc', true),
	('dad7ad44-e887-4328-b7f7-ae541e351861', '0a78a0fd-885c-4441-80b2-3a6b0f61eea3', '8a0881f3-bfad-4e43-8ac0-7f1e74c8da4b', 'da295923-d0a5-42e5-aed7-0bb942908b41', '2026-10-01', 95000, 'Mercado', 'EQUAL', NULL, 'recurring', 'ee601f38-ab48-4679-9734-2d5f58e277ad-2026-10', '2026-06-08 04:13:20.76+00', 'ee601f38-ab48-4679-9734-2d5f58e277ad', true),
	('fffee8c6-e3d8-419e-b672-fa396332bc06', '0a78a0fd-885c-4441-80b2-3a6b0f61eea3', '8a0881f3-bfad-4e43-8ac0-7f1e74c8da4b', 'da295923-d0a5-42e5-aed7-0bb942908b41', '2026-11-01', 95000, 'Mercado', 'EQUAL', NULL, 'recurring', 'ee601f38-ab48-4679-9734-2d5f58e277ad-2026-11', '2026-06-08 04:13:20.768+00', 'ee601f38-ab48-4679-9734-2d5f58e277ad', true),
	('ea084360-1035-4609-a395-e49d47115ec3', '0a78a0fd-885c-4441-80b2-3a6b0f61eea3', '8a0881f3-bfad-4e43-8ac0-7f1e74c8da4b', '352f77df-7fd7-4b33-a01a-59b15b506b10', '2026-01-01', 45000, 'Maconha', 'EQUAL', NULL, 'recurring', 'ce327c35-2563-4ba6-80b1-82e4a1f4cf7c-2026-01', '2026-06-08 04:13:48.186+00', 'ce327c35-2563-4ba6-80b1-82e4a1f4cf7c', true),
	('36c6af25-022d-4025-a4ce-308e50e808b7', '0a78a0fd-885c-4441-80b2-3a6b0f61eea3', '8a0881f3-bfad-4e43-8ac0-7f1e74c8da4b', '352f77df-7fd7-4b33-a01a-59b15b506b10', '2026-02-01', 45000, 'Maconha', 'EQUAL', NULL, 'recurring', 'ce327c35-2563-4ba6-80b1-82e4a1f4cf7c-2026-02', '2026-06-08 04:13:48.195+00', 'ce327c35-2563-4ba6-80b1-82e4a1f4cf7c', true),
	('159bc0ff-322b-4bb4-84af-260143487a57', '0a78a0fd-885c-4441-80b2-3a6b0f61eea3', '8a0881f3-bfad-4e43-8ac0-7f1e74c8da4b', '352f77df-7fd7-4b33-a01a-59b15b506b10', '2026-03-01', 45000, 'Maconha', 'EQUAL', NULL, 'recurring', 'ce327c35-2563-4ba6-80b1-82e4a1f4cf7c-2026-03', '2026-06-08 04:13:48.203+00', 'ce327c35-2563-4ba6-80b1-82e4a1f4cf7c', true),
	('0b13f2ff-c4e0-4185-a837-eb7c39aedacc', '0a78a0fd-885c-4441-80b2-3a6b0f61eea3', '8a0881f3-bfad-4e43-8ac0-7f1e74c8da4b', '352f77df-7fd7-4b33-a01a-59b15b506b10', '2026-04-01', 45000, 'Maconha', 'EQUAL', NULL, 'recurring', 'ce327c35-2563-4ba6-80b1-82e4a1f4cf7c-2026-04', '2026-06-08 04:13:48.212+00', 'ce327c35-2563-4ba6-80b1-82e4a1f4cf7c', true),
	('d65a653a-ff87-4059-b7a8-8e870dfb2d4d', '0a78a0fd-885c-4441-80b2-3a6b0f61eea3', '8a0881f3-bfad-4e43-8ac0-7f1e74c8da4b', '352f77df-7fd7-4b33-a01a-59b15b506b10', '2026-05-01', 45000, 'Maconha', 'EQUAL', NULL, 'recurring', 'ce327c35-2563-4ba6-80b1-82e4a1f4cf7c-2026-05', '2026-06-08 04:13:48.22+00', 'ce327c35-2563-4ba6-80b1-82e4a1f4cf7c', true),
	('e4dfc28d-a04e-490b-932f-01835adfe26b', '0a78a0fd-885c-4441-80b2-3a6b0f61eea3', '8a0881f3-bfad-4e43-8ac0-7f1e74c8da4b', '352f77df-7fd7-4b33-a01a-59b15b506b10', '2026-06-01', 45000, 'Maconha', 'EQUAL', NULL, 'recurring', 'ce327c35-2563-4ba6-80b1-82e4a1f4cf7c-2026-06', '2026-06-08 04:13:48.229+00', 'ce327c35-2563-4ba6-80b1-82e4a1f4cf7c', true),
	('ab397d44-8f89-4daa-b20a-5a97eb2ec771', '0a78a0fd-885c-4441-80b2-3a6b0f61eea3', '8a0881f3-bfad-4e43-8ac0-7f1e74c8da4b', '352f77df-7fd7-4b33-a01a-59b15b506b10', '2026-07-01', 45000, 'Maconha', 'EQUAL', NULL, 'recurring', 'ce327c35-2563-4ba6-80b1-82e4a1f4cf7c-2026-07', '2026-06-08 04:13:48.236+00', 'ce327c35-2563-4ba6-80b1-82e4a1f4cf7c', true),
	('8e14c318-91b6-4334-85cd-25ceb3bbd283', '0a78a0fd-885c-4441-80b2-3a6b0f61eea3', '8a0881f3-bfad-4e43-8ac0-7f1e74c8da4b', '352f77df-7fd7-4b33-a01a-59b15b506b10', '2026-08-01', 45000, 'Maconha', 'EQUAL', NULL, 'recurring', 'ce327c35-2563-4ba6-80b1-82e4a1f4cf7c-2026-08', '2026-06-08 04:13:48.245+00', 'ce327c35-2563-4ba6-80b1-82e4a1f4cf7c', true),
	('edafa490-c18c-4b48-9f4b-fb874fbb9248', '0a78a0fd-885c-4441-80b2-3a6b0f61eea3', '8a0881f3-bfad-4e43-8ac0-7f1e74c8da4b', '352f77df-7fd7-4b33-a01a-59b15b506b10', '2026-09-01', 45000, 'Maconha', 'EQUAL', NULL, 'recurring', 'ce327c35-2563-4ba6-80b1-82e4a1f4cf7c-2026-09', '2026-06-08 04:13:48.253+00', 'ce327c35-2563-4ba6-80b1-82e4a1f4cf7c', true),
	('b5f67a22-2a2b-4d24-99d8-4edbeccb9a59', '0a78a0fd-885c-4441-80b2-3a6b0f61eea3', '8a0881f3-bfad-4e43-8ac0-7f1e74c8da4b', '352f77df-7fd7-4b33-a01a-59b15b506b10', '2026-10-01', 45000, 'Maconha', 'EQUAL', NULL, 'recurring', 'ce327c35-2563-4ba6-80b1-82e4a1f4cf7c-2026-10', '2026-06-08 04:13:48.261+00', 'ce327c35-2563-4ba6-80b1-82e4a1f4cf7c', true),
	('9f83cbd7-7a9b-4bbd-bb3e-576731e46da0', '0a78a0fd-885c-4441-80b2-3a6b0f61eea3', '8a0881f3-bfad-4e43-8ac0-7f1e74c8da4b', '352f77df-7fd7-4b33-a01a-59b15b506b10', '2026-11-01', 45000, 'Maconha', 'EQUAL', NULL, 'recurring', 'ce327c35-2563-4ba6-80b1-82e4a1f4cf7c-2026-11', '2026-06-08 04:13:48.269+00', 'ce327c35-2563-4ba6-80b1-82e4a1f4cf7c', true),
	('3aa5f1c6-b2e4-45f2-b7e5-3857b5e250f7', '0a78a0fd-885c-4441-80b2-3a6b0f61eea3', '8a0881f3-bfad-4e43-8ac0-7f1e74c8da4b', '352f77df-7fd7-4b33-a01a-59b15b506b10', '2026-12-01', 45000, 'Maconha', 'EQUAL', NULL, 'recurring', 'ce327c35-2563-4ba6-80b1-82e4a1f4cf7c-2026-12', '2026-06-08 04:13:48.277+00', 'ce327c35-2563-4ba6-80b1-82e4a1f4cf7c', true),
	('79ada7f2-9d74-48bc-9560-b56462da1e47', '0a78a0fd-885c-4441-80b2-3a6b0f61eea3', '8a0881f3-bfad-4e43-8ac0-7f1e74c8da4b', 'ecb12d66-1db9-4a78-9a72-353aad218916', '2026-01-01', 80000, 'Faxineira', 'EQUAL', NULL, 'recurring', '3ffde81c-b2b7-4aed-98cc-f38342c39afc-2026-01', '2026-06-08 04:14:04.07+00', '3ffde81c-b2b7-4aed-98cc-f38342c39afc', true),
	('9e591c9d-1d0b-46ff-91d4-19e3d7b92bd1', '0a78a0fd-885c-4441-80b2-3a6b0f61eea3', '8a0881f3-bfad-4e43-8ac0-7f1e74c8da4b', 'ecb12d66-1db9-4a78-9a72-353aad218916', '2026-02-01', 80000, 'Faxineira', 'EQUAL', NULL, 'recurring', '3ffde81c-b2b7-4aed-98cc-f38342c39afc-2026-02', '2026-06-08 04:14:04.077+00', '3ffde81c-b2b7-4aed-98cc-f38342c39afc', true),
	('0dc91f5c-b74d-47d7-b389-261818f8e5ff', '0a78a0fd-885c-4441-80b2-3a6b0f61eea3', '8a0881f3-bfad-4e43-8ac0-7f1e74c8da4b', 'ecb12d66-1db9-4a78-9a72-353aad218916', '2026-04-01', 80000, 'Faxineira', 'EQUAL', NULL, 'recurring', '3ffde81c-b2b7-4aed-98cc-f38342c39afc-2026-04', '2026-06-08 04:14:04.094+00', '3ffde81c-b2b7-4aed-98cc-f38342c39afc', true),
	('c04996e6-0fda-4a12-8945-d6fe95eb63c6', '0a78a0fd-885c-4441-80b2-3a6b0f61eea3', '8a0881f3-bfad-4e43-8ac0-7f1e74c8da4b', 'ecb12d66-1db9-4a78-9a72-353aad218916', '2026-05-01', 80000, 'Faxineira', 'EQUAL', NULL, 'recurring', '3ffde81c-b2b7-4aed-98cc-f38342c39afc-2026-05', '2026-06-08 04:14:04.102+00', '3ffde81c-b2b7-4aed-98cc-f38342c39afc', true),
	('914edcd3-be7a-4bdf-ae40-80a8235cb857', '0a78a0fd-885c-4441-80b2-3a6b0f61eea3', '8a0881f3-bfad-4e43-8ac0-7f1e74c8da4b', 'ecb12d66-1db9-4a78-9a72-353aad218916', '2026-07-01', 80000, 'Faxineira', 'EQUAL', NULL, 'recurring', '3ffde81c-b2b7-4aed-98cc-f38342c39afc-2026-07', '2026-06-08 04:14:04.117+00', '3ffde81c-b2b7-4aed-98cc-f38342c39afc', true),
	('e4e95ce2-4cf2-4312-86de-43672798e1e8', '0a78a0fd-885c-4441-80b2-3a6b0f61eea3', '8a0881f3-bfad-4e43-8ac0-7f1e74c8da4b', 'ecb12d66-1db9-4a78-9a72-353aad218916', '2026-08-01', 80000, 'Faxineira', 'EQUAL', NULL, 'recurring', '3ffde81c-b2b7-4aed-98cc-f38342c39afc-2026-08', '2026-06-08 04:14:04.125+00', '3ffde81c-b2b7-4aed-98cc-f38342c39afc', true),
	('c77cb627-490c-48a9-9dc1-2b9cfba7ec3a', '0a78a0fd-885c-4441-80b2-3a6b0f61eea3', '8a0881f3-bfad-4e43-8ac0-7f1e74c8da4b', 'ecb12d66-1db9-4a78-9a72-353aad218916', '2026-10-01', 80000, 'Faxineira', 'EQUAL', NULL, 'recurring', '3ffde81c-b2b7-4aed-98cc-f38342c39afc-2026-10', '2026-06-08 04:14:04.14+00', '3ffde81c-b2b7-4aed-98cc-f38342c39afc', true),
	('0346e19b-cfe3-4823-9253-8b8be021e4c6', '0a78a0fd-885c-4441-80b2-3a6b0f61eea3', '8a0881f3-bfad-4e43-8ac0-7f1e74c8da4b', 'ecb12d66-1db9-4a78-9a72-353aad218916', '2026-11-01', 80000, 'Faxineira', 'EQUAL', NULL, 'recurring', '3ffde81c-b2b7-4aed-98cc-f38342c39afc-2026-11', '2026-06-08 04:14:04.148+00', '3ffde81c-b2b7-4aed-98cc-f38342c39afc', true),
	('d01ba921-db54-448f-b367-94ca39d3f0ec', '0a78a0fd-885c-4441-80b2-3a6b0f61eea3', '8a0881f3-bfad-4e43-8ac0-7f1e74c8da4b', '995a6b3b-3ca9-4804-95bb-15a3324b1872', '2026-12-01', 430000, 'Aluguel', 'EQUAL', NULL, 'recurring', '750f751b-d900-429f-a3c8-d37b2a91a1d5-2026-12', '2026-06-03 19:47:06.78+00', '750f751b-d900-429f-a3c8-d37b2a91a1d5', true),
	('03470dd0-5a15-4917-b83f-3f62c27c7774', '0a78a0fd-885c-4441-80b2-3a6b0f61eea3', '8a0881f3-bfad-4e43-8ac0-7f1e74c8da4b', '995a6b3b-3ca9-4804-95bb-15a3324b1872', '2026-06-01', 430000, 'Aluguel', 'EQUAL', NULL, 'recurring', '750f751b-d900-429f-a3c8-d37b2a91a1d5-2026-06', '2026-06-03 19:47:06.672+00', '750f751b-d900-429f-a3c8-d37b2a91a1d5', true),
	('388a1bdc-4bf9-49da-866d-c17f4e038125', '0a78a0fd-885c-4441-80b2-3a6b0f61eea3', '8a0881f3-bfad-4e43-8ac0-7f1e74c8da4b', '995a6b3b-3ca9-4804-95bb-15a3324b1872', '2026-07-01', 430000, 'Aluguel', 'EQUAL', NULL, 'recurring', '750f751b-d900-429f-a3c8-d37b2a91a1d5-2026-07', '2026-06-03 19:47:06.682+00', '750f751b-d900-429f-a3c8-d37b2a91a1d5', true),
	('2b58765d-a32e-4bd7-887d-0e466b96ad78', '0a78a0fd-885c-4441-80b2-3a6b0f61eea3', '8a0881f3-bfad-4e43-8ac0-7f1e74c8da4b', '995a6b3b-3ca9-4804-95bb-15a3324b1872', '2026-08-01', 430000, 'Aluguel', 'EQUAL', NULL, 'recurring', '750f751b-d900-429f-a3c8-d37b2a91a1d5-2026-08', '2026-06-03 19:47:06.692+00', '750f751b-d900-429f-a3c8-d37b2a91a1d5', true),
	('f3600906-36be-42a9-af83-9ced51c21ce9', '0a78a0fd-885c-4441-80b2-3a6b0f61eea3', '8a0881f3-bfad-4e43-8ac0-7f1e74c8da4b', '995a6b3b-3ca9-4804-95bb-15a3324b1872', '2026-09-01', 430000, 'Aluguel', 'EQUAL', NULL, 'recurring', '750f751b-d900-429f-a3c8-d37b2a91a1d5-2026-09', '2026-06-03 19:47:06.703+00', '750f751b-d900-429f-a3c8-d37b2a91a1d5', true),
	('be621927-8492-4643-a490-90fdb644fd5a', '0a78a0fd-885c-4441-80b2-3a6b0f61eea3', '8a0881f3-bfad-4e43-8ac0-7f1e74c8da4b', '995a6b3b-3ca9-4804-95bb-15a3324b1872', '2026-10-01', 430000, 'Aluguel', 'EQUAL', NULL, 'recurring', '750f751b-d900-429f-a3c8-d37b2a91a1d5-2026-10', '2026-06-03 19:47:06.713+00', '750f751b-d900-429f-a3c8-d37b2a91a1d5', true),
	('d1cfd83b-9523-4270-8213-c1f346bf4060', '0a78a0fd-885c-4441-80b2-3a6b0f61eea3', '8a0881f3-bfad-4e43-8ac0-7f1e74c8da4b', 'c172b93f-fcc4-4e99-928d-06f3a62b87e3', '2026-06-01', 5000, 'POSTO CAMACHO', 'ONLY_OTHER', NULL, 'cc-split', 'a3ede46a-d11e-4f26-861e-9d3128d2c0bc', '2026-06-08 04:25:31.047+00', NULL, false),
	('561f4d11-55ef-41ee-af89-68b0fb0c5dd7', '0a78a0fd-885c-4441-80b2-3a6b0f61eea3', '8a0881f3-bfad-4e43-8ac0-7f1e74c8da4b', 'c172b93f-fcc4-4e99-928d-06f3a62b87e3', '2026-06-01', 5000, 'TagItau*LUCASMATUTANI', 'EQUAL', NULL, 'cc-split', '1eb006e0-9be9-480e-8097-a84a70e905fa', '2026-06-08 19:01:51.648+00', NULL, false),
	('a7a96ebb-a686-47dd-bb3a-ab541595f385', '0a78a0fd-885c-4441-80b2-3a6b0f61eea3', '8a0881f3-bfad-4e43-8ac0-7f1e74c8da4b', 'bef08180-bd14-4a92-b626-7e61ffa184c9', '2026-06-01', 6542, 'IFD*REALINO RESTO BAR', 'EQUAL', NULL, 'cc-split', '23181e66-58ad-46c8-a853-ee2567d98217', '2026-06-08 19:01:56.947+00', NULL, false),
	('b5b36fc4-5ddf-460d-8f51-987dc9ee3643', '0a78a0fd-885c-4441-80b2-3a6b0f61eea3', '8a0881f3-bfad-4e43-8ac0-7f1e74c8da4b', 'c172b93f-fcc4-4e99-928d-06f3a62b87e3', '2026-06-01', 12898, 'POSTO JWM', 'EQUAL', NULL, 'cc-split', 'd64129b5-9025-4f76-86fb-ea5d9b0b7dbc', '2026-06-08 19:02:18.671+00', NULL, false),
	('a6ecc547-8d85-4e6a-b335-b0a72ab2ae57', '0a78a0fd-885c-4441-80b2-3a6b0f61eea3', '8a0881f3-bfad-4e43-8ac0-7f1e74c8da4b', 'c172b93f-fcc4-4e99-928d-06f3a62b87e3', '2026-06-01', 5500, 'SKY BLUE ESTACIONAMENT', 'EQUAL', NULL, 'cc-split', '4cae3fb1-23e0-4246-9492-1fc7c3d5975e', '2026-06-08 19:02:23.595+00', NULL, false),
	('1558e84e-a2db-47a5-bb8c-a58dfeb3ded9', '0a78a0fd-885c-4441-80b2-3a6b0f61eea3', '8a0881f3-bfad-4e43-8ac0-7f1e74c8da4b', 'c172b93f-fcc4-4e99-928d-06f3a62b87e3', '2026-06-01', 10000, 'POSTO CAMACHO', 'EQUAL', NULL, 'cc-split', '14b70008-fcca-46f8-9c59-ecdff6f7be74', '2026-06-08 19:02:25.397+00', NULL, false),
	('c74d5f78-b449-4452-b936-9e804af7c38b', '0a78a0fd-885c-4441-80b2-3a6b0f61eea3', '8a0881f3-bfad-4e43-8ac0-7f1e74c8da4b', 'c172b93f-fcc4-4e99-928d-06f3a62b87e3', '2026-06-01', 10000, 'ABASTEC*abastece ai', 'EQUAL', NULL, 'cc-split', '70efdca0-c421-4dcc-83dc-101b3de6b1d1', '2026-06-08 19:02:27.28+00', NULL, false),
	('f35c2375-8e7e-4356-bdda-89be9b122d65', '0a78a0fd-885c-4441-80b2-3a6b0f61eea3', '8a0881f3-bfad-4e43-8ac0-7f1e74c8da4b', '1bea3c49-554b-4a30-93c9-6da171d7197e', '2026-06-08', 45900, 'Cartão nubank', 'ONLY_OTHER', NULL, 'manual', 'f35c2375-8e7e-4356-bdda-89be9b122d65', '2026-06-08 22:47:59.443+00', NULL, false),
	('54fb564e-d14d-43e6-98e5-4a071f069cd5', '0a78a0fd-885c-4441-80b2-3a6b0f61eea3', '8a0881f3-bfad-4e43-8ac0-7f1e74c8da4b', '995a6b3b-3ca9-4804-95bb-15a3324b1872', '2026-06-08', 31500, 'Microondas', 'ONLY_OTHER', NULL, 'manual', '11980bdb-b97e-4273-8ec4-4ac1209750c4', '2026-06-08 04:30:28.048+00', NULL, false),
	('4c1724c0-beb3-49f2-addd-eebe7a9fb84a', '0a78a0fd-885c-4441-80b2-3a6b0f61eea3', '8a0881f3-bfad-4e43-8ac0-7f1e74c8da4b', 'c172b93f-fcc4-4e99-928d-06f3a62b87e3', '2026-06-01', 10000, 'GIGANTE', 'EQUAL', NULL, 'cc-split', '503de405-64b4-4e73-b1dc-afb8d4dbaabb', '2026-06-08 19:01:48.223+00', NULL, false),
	('360c1249-888c-4186-a15d-7014a08c23ed', '0a78a0fd-885c-4441-80b2-3a6b0f61eea3', '8a0881f3-bfad-4e43-8ac0-7f1e74c8da4b', 'ecb12d66-1db9-4a78-9a72-353aad218916', '2026-06-01', 16000, 'CONTA VIVO', 'EQUAL', NULL, 'cc-split', '32844821-97a1-4c08-ab64-c2bc581af017', '2026-06-08 19:02:21.144+00', NULL, false),
	('f1899c26-a5bd-4a17-a073-7c76e223ec3a', '0a78a0fd-885c-4441-80b2-3a6b0f61eea3', '8a0881f3-bfad-4e43-8ac0-7f1e74c8da4b', '352f77df-7fd7-4b33-a01a-59b15b506b10', '2026-07-01', 15000, 'Airbnb', 'EQUAL', NULL, 'manual', 'ae8b6764-56c5-4526-8458-ac27d6d5b48b', '2026-06-22 19:26:25.175+00', NULL, false);


--
-- Data for Name: goals; Type: TABLE DATA; Schema: public; Owner: postgres
--



--
-- Data for Name: household_members; Type: TABLE DATA; Schema: public; Owner: postgres
--

INSERT INTO "public"."household_members" ("household_id", "user_id", "role", "joined_at") VALUES
	('0a78a0fd-885c-4441-80b2-3a6b0f61eea3', '8a0881f3-bfad-4e43-8ac0-7f1e74c8da4b', 'owner', '2026-06-03 18:43:30.302888+00'),
	('0a78a0fd-885c-4441-80b2-3a6b0f61eea3', '41206638-bbcc-40ca-a0c7-1f66c1033338', 'member', '2026-06-08 04:17:29.027065+00');


--
-- Data for Name: recurring_incomes; Type: TABLE DATA; Schema: public; Owner: postgres
--

INSERT INTO "public"."recurring_incomes" ("id", "owner_id", "source", "amount_cents", "active", "created_at") VALUES
	('ffc655d7-58ec-463b-aaa8-750af2b95bbc', '8a0881f3-bfad-4e43-8ac0-7f1e74c8da4b', 'Salário', 1076000, true, '2026-06-08 15:30:00.703269+00'),
	('b4808640-3adc-464d-86c8-54bff97428ac', '8a0881f3-bfad-4e43-8ac0-7f1e74c8da4b', 'Focus', 200000, true, '2026-06-22 19:33:26.010828+00');


--
-- Data for Name: incomes; Type: TABLE DATA; Schema: public; Owner: postgres
--

INSERT INTO "public"."incomes" ("id", "owner_id", "occurred_at", "amount_cents", "source", "recurring", "created_at", "recurring_income_id") VALUES
	('790b762e-8def-42df-91cc-06b7734d0573', '8a0881f3-bfad-4e43-8ac0-7f1e74c8da4b', '2026-01-01', 1076000, 'Salário', true, '2026-06-08 15:30:00.712038+00', 'ffc655d7-58ec-463b-aaa8-750af2b95bbc'),
	('88efde97-9d80-46d1-805e-8c3695ef1955', '8a0881f3-bfad-4e43-8ac0-7f1e74c8da4b', '2026-02-01', 1076000, 'Salário', true, '2026-06-08 15:30:00.717171+00', 'ffc655d7-58ec-463b-aaa8-750af2b95bbc'),
	('b71c8c21-775b-4bc3-9a4a-f8d5bdfcf32e', '8a0881f3-bfad-4e43-8ac0-7f1e74c8da4b', '2026-03-01', 1076000, 'Salário', true, '2026-06-08 15:30:00.722215+00', 'ffc655d7-58ec-463b-aaa8-750af2b95bbc'),
	('d81eb7d7-6c04-439f-a9c3-67e138b63c8a', '8a0881f3-bfad-4e43-8ac0-7f1e74c8da4b', '2026-04-01', 1076000, 'Salário', true, '2026-06-08 15:30:00.726931+00', 'ffc655d7-58ec-463b-aaa8-750af2b95bbc'),
	('73b89e42-c634-4baf-8e6a-3946d918d21d', '8a0881f3-bfad-4e43-8ac0-7f1e74c8da4b', '2026-05-01', 1076000, 'Salário', true, '2026-06-08 15:30:00.731526+00', 'ffc655d7-58ec-463b-aaa8-750af2b95bbc'),
	('0e1ae0d3-a9ba-4e03-a668-3b2931f17189', '8a0881f3-bfad-4e43-8ac0-7f1e74c8da4b', '2026-06-01', 1076000, 'Salário', true, '2026-06-08 15:30:00.736793+00', 'ffc655d7-58ec-463b-aaa8-750af2b95bbc'),
	('f56bb61f-6156-4e5c-affb-b890e80bb876', '8a0881f3-bfad-4e43-8ac0-7f1e74c8da4b', '2026-07-01', 1076000, 'Salário', true, '2026-06-08 15:30:00.741273+00', 'ffc655d7-58ec-463b-aaa8-750af2b95bbc'),
	('c4cdff12-81da-41e5-9c41-8aa1723c3de2', '8a0881f3-bfad-4e43-8ac0-7f1e74c8da4b', '2026-08-01', 1076000, 'Salário', true, '2026-06-08 15:30:00.745374+00', 'ffc655d7-58ec-463b-aaa8-750af2b95bbc'),
	('e9a9499a-7dac-41ed-88fe-8731224f2c39', '8a0881f3-bfad-4e43-8ac0-7f1e74c8da4b', '2026-09-01', 1076000, 'Salário', true, '2026-06-08 15:30:00.74937+00', 'ffc655d7-58ec-463b-aaa8-750af2b95bbc'),
	('3d0d34c5-7514-4936-8230-bab2561759e0', '8a0881f3-bfad-4e43-8ac0-7f1e74c8da4b', '2026-10-01', 1076000, 'Salário', true, '2026-06-08 15:30:00.753266+00', 'ffc655d7-58ec-463b-aaa8-750af2b95bbc'),
	('00e74690-4c7c-41e6-84ee-790d4bfb009c', '8a0881f3-bfad-4e43-8ac0-7f1e74c8da4b', '2026-11-01', 1076000, 'Salário', true, '2026-06-08 15:30:00.757133+00', 'ffc655d7-58ec-463b-aaa8-750af2b95bbc'),
	('98d5df24-83a3-4857-b685-ddf692040848', '8a0881f3-bfad-4e43-8ac0-7f1e74c8da4b', '2026-12-01', 1076000, 'Salário', true, '2026-06-08 15:30:00.76093+00', 'ffc655d7-58ec-463b-aaa8-750af2b95bbc'),
	('892b74ee-dd26-4385-adbb-a5a4433990fe', '8a0881f3-bfad-4e43-8ac0-7f1e74c8da4b', '2026-06-08', 500000, 'Décimo terceiro', false, '2026-06-08 15:30:20.28892+00', NULL),
	('1c46bfcd-fd8b-4a21-9052-364fde06ded4', '8a0881f3-bfad-4e43-8ac0-7f1e74c8da4b', '2026-07-01', 200000, 'Focus', true, '2026-06-22 19:33:26.018208+00', 'b4808640-3adc-464d-86c8-54bff97428ac'),
	('ce12a14d-4f62-4133-90e9-dfc23c5f875f', '8a0881f3-bfad-4e43-8ac0-7f1e74c8da4b', '2026-08-01', 200000, 'Focus', true, '2026-06-22 19:33:26.023469+00', 'b4808640-3adc-464d-86c8-54bff97428ac'),
	('488dee83-09a6-495a-b243-120835d7e2d9', '8a0881f3-bfad-4e43-8ac0-7f1e74c8da4b', '2026-09-01', 200000, 'Focus', true, '2026-06-22 19:33:26.028887+00', 'b4808640-3adc-464d-86c8-54bff97428ac'),
	('0714a875-2eb7-4f40-9ce1-f4e5be21375f', '8a0881f3-bfad-4e43-8ac0-7f1e74c8da4b', '2026-10-01', 200000, 'Focus', true, '2026-06-22 19:33:26.033924+00', 'b4808640-3adc-464d-86c8-54bff97428ac'),
	('b74fcdb0-9bfb-45d4-969b-dc23c0235612', '8a0881f3-bfad-4e43-8ac0-7f1e74c8da4b', '2026-11-01', 200000, 'Focus', true, '2026-06-22 19:33:26.038627+00', 'b4808640-3adc-464d-86c8-54bff97428ac'),
	('c1171d69-002f-4ba2-8245-49a495acf48f', '8a0881f3-bfad-4e43-8ac0-7f1e74c8da4b', '2026-12-01', 200000, 'Focus', true, '2026-06-22 19:33:26.043188+00', 'b4808640-3adc-464d-86c8-54bff97428ac');


--
-- Data for Name: investments; Type: TABLE DATA; Schema: public; Owner: postgres
--

INSERT INTO "public"."investments" ("id", "owner_id", "occurred_at", "amount_cents", "asset_class", "description", "created_at") VALUES
	('18125f43-c951-4008-8612-06f0f0ea716d', '8a0881f3-bfad-4e43-8ac0-7f1e74c8da4b', '2026-06-18', 512900, 'stocks', NULL, '2026-06-19 01:09:33.111648+00'),
	('bb4823aa-7f06-413b-846d-8ae2125865d6', '8a0881f3-bfad-4e43-8ac0-7f1e74c8da4b', '2026-07-24', 200000, 'fixed_income', NULL, '2026-06-24 16:55:59.46227+00');


--
-- Data for Name: recurring_personal_expenses; Type: TABLE DATA; Schema: public; Owner: postgres
--

INSERT INTO "public"."recurring_personal_expenses" ("id", "owner_id", "category_id", "amount_cents", "description", "active", "created_at", "installment_count") VALUES
	('7d3886c2-3769-4523-9da1-831660d2c5b2', '8a0881f3-bfad-4e43-8ac0-7f1e74c8da4b', 'bef08180-bd14-4a92-b626-7e61ffa184c9', 100000, 'VR', true, '2026-06-08 15:30:47.343663+00', NULL),
	('aa8157a7-d733-4bea-98b0-1fad959a6c86', '8a0881f3-bfad-4e43-8ac0-7f1e74c8da4b', '352f77df-7fd7-4b33-a01a-59b15b506b10', 13500, 'Tênis de mesa', true, '2026-06-08 15:31:12.773175+00', NULL),
	('a5cb43f9-2ab9-4972-903a-323026893773', '8a0881f3-bfad-4e43-8ac0-7f1e74c8da4b', '352f77df-7fd7-4b33-a01a-59b15b506b10', 100000, 'teste', false, '2026-06-08 16:20:15.203347+00', NULL);


--
-- Data for Name: personal_expenses; Type: TABLE DATA; Schema: public; Owner: postgres
--

INSERT INTO "public"."personal_expenses" ("id", "owner_id", "category_id", "occurred_at", "amount_cents", "description", "source_id", "external_id", "imported_at", "recurring_personal_expense_id", "payment_method", "split_parts", "reimbursed", "split_with_partner") VALUES
	('e4086279-a247-4a5d-a55a-fd1612a64ed5', '8a0881f3-bfad-4e43-8ac0-7f1e74c8da4b', '1bea3c49-554b-4a30-93c9-6da171d7197e', '2026-06-01', 2200, 'Josersantanna', 'pdf-invoice', 'db64e309e489e1235810ff89cdd669c429d424ce0de73b28c6ba5a92f6e74033', '2026-06-08 04:22:47.075+00', NULL, 'credit_card', 1, false, false),
	('9c947eb0-8b91-4f93-8982-7ee19d221e9c', '8a0881f3-bfad-4e43-8ac0-7f1e74c8da4b', '352f77df-7fd7-4b33-a01a-59b15b506b10', '2026-06-01', 550, 'ZIG *PARQUE IBIRAPU', 'pdf-invoice', '26c5d9a7b414257a07cb5487d885baea2eeb77af124310c98f71723d98eada54', '2026-06-08 04:22:47.075+00', NULL, 'credit_card', 1, false, false),
	('48d271e5-2c5f-412e-9bf7-5e2915f55d0c', '8a0881f3-bfad-4e43-8ac0-7f1e74c8da4b', 'bef08180-bd14-4a92-b626-7e61ffa184c9', '2026-06-01', 3900, 'ESPACO CULTURA', 'pdf-invoice', 'c749eb57409b49e39080e390857a34491a0bed7a435a74e286e9c04099fd34a8', '2026-06-08 04:22:47.075+00', NULL, 'credit_card', 1, false, false),
	('700db879-9fd3-458a-a6cb-aa32518c0587', '8a0881f3-bfad-4e43-8ac0-7f1e74c8da4b', '16c8cce3-932b-487e-b1f4-bef124663091', '2026-06-01', 14330, 'PECA RARA BOSQUE D01/03', 'pdf-invoice', '9b480e963b74b0698589133a5729672514d34c8e38b8ac010bf4b35c6e18c3c2', '2026-06-08 04:22:47.076+00', NULL, 'credit_card', 1, false, false),
	('232caf68-53e9-4b34-b5bd-50d260d5aaf0', '8a0881f3-bfad-4e43-8ac0-7f1e74c8da4b', '8f811712-0c4b-497a-8c04-d1ee00c066cd', '2026-06-01', 16500, 'JIM.COM* ATOS ODON07/10', 'pdf-invoice', '689dd18bcaa2cc6cef3afc002a9ead31a27fff5ff452f4f6156abd3d0989d62f', '2026-06-08 04:22:47.076+00', NULL, 'credit_card', 1, false, false),
	('6f8ffb2d-3cbc-46a2-8b81-0d1dc2886942', '8a0881f3-bfad-4e43-8ac0-7f1e74c8da4b', '16c8cce3-932b-487e-b1f4-bef124663091', '2026-06-01', 7238, 'MLP*Netshoes-Netsh03/04', 'pdf-invoice', '9655508498aded8dafd03286ca231b62494f4e5a6713d69b118a8f1b45738c8b', '2026-06-08 04:22:47.076+00', NULL, 'credit_card', 1, false, false),
	('4383446f-3d1b-429c-90ec-a80a5e396ce0', '8a0881f3-bfad-4e43-8ac0-7f1e74c8da4b', '16c8cce3-932b-487e-b1f4-bef124663091', '2026-06-01', 7599, 'CENTAURO CE196 02/02', 'pdf-invoice', '65365f7bedf0d044d2ec71d8a4fdfeb4afc97ed56d2b513f447da4779900b676', '2026-06-08 04:22:47.076+00', NULL, 'credit_card', 1, false, false),
	('c11e2205-dd68-4ce0-a807-8a69ca2456b1', '8a0881f3-bfad-4e43-8ac0-7f1e74c8da4b', '16c8cce3-932b-487e-b1f4-bef124663091', '2026-06-01', 23900, 'INDITEX BRASIL LTD02/02', 'pdf-invoice', 'ec2e760f325b6038bd9871b9e83545d85648a6dd9e71ae3f6d3b4227cf3c8c95', '2026-06-08 04:22:47.076+00', NULL, 'credit_card', 1, false, false),
	('04c826c7-99ba-4df9-b80e-f363f0d122e7', '8a0881f3-bfad-4e43-8ac0-7f1e74c8da4b', '8ce03819-3c1e-4a80-8ca5-14c5aec1742a', '2026-06-01', 1499, 'Google One', 'pdf-invoice', '4dece834286b27e76744b020d1c2c4f229332ceab19049579da4f04bde2e9bf0', '2026-06-08 04:22:47.076+00', NULL, 'credit_card', 1, false, false),
	('e2e607fe-78e2-483e-901c-b4141e793e6d', '8a0881f3-bfad-4e43-8ac0-7f1e74c8da4b', '8ce03819-3c1e-4a80-8ca5-14c5aec1742a', '2026-06-01', 3950, 'DM*Twitch', 'pdf-invoice', '3068f39049eade07307675d730ab75903185bf55cfaad984ca72250d9b431290', '2026-06-08 04:22:47.076+00', NULL, 'credit_card', 1, false, false),
	('73dc58ab-57cd-4f7e-84c8-b8b3e791b8be', '8a0881f3-bfad-4e43-8ac0-7f1e74c8da4b', '8ce03819-3c1e-4a80-8ca5-14c5aec1742a', '2026-06-01', 1990, 'APPLE.COM/BILL.', 'pdf-invoice', '55ed3d107ea1c654dee21e3d01f055882d513f9180b597f305e913d642d5df3e', '2026-06-08 04:22:47.076+00', NULL, 'credit_card', 1, false, false),
	('d22b3a52-c292-4425-a5e3-a42f1b73e08e', '8a0881f3-bfad-4e43-8ac0-7f1e74c8da4b', '8ce03819-3c1e-4a80-8ca5-14c5aec1742a', '2026-06-01', 1190, 'Amazon Music', 'pdf-invoice', '70cb32cc8c5b60737cde139692015da58c365739c13f8a1809fc6bd6912fd57d', '2026-06-08 04:22:47.076+00', NULL, 'credit_card', 1, false, false),
	('fad57c52-eda1-4dd6-beec-5d7c173ce0f0', '8a0881f3-bfad-4e43-8ac0-7f1e74c8da4b', '0207d087-6ead-49d5-b9c7-f3bfa0aa16e5', '2026-06-01', 6970, 'BANCA METRO PARAISO', 'pdf-invoice', '538d7b07ce96c7e6d5d8c8c9ac1835f46e9445abde4646e66f46dae1c2374abf', '2026-06-08 04:22:47.076+00', NULL, 'credit_card', 1, false, false),
	('c80a8069-ddff-4509-8944-b32c27cfe791', '8a0881f3-bfad-4e43-8ac0-7f1e74c8da4b', 'bef08180-bd14-4a92-b626-7e61ffa184c9', '2026-06-01', 6339, '36906960 LUCAS DA SILV', 'pdf-invoice', 'ae9c1a870e6978f30d72621fe17310c9de4edf35f8231779c23e9260696dc34c', '2026-06-08 04:22:47.076+00', NULL, 'credit_card', 1, false, false),
	('9a6e321f-7f10-4af0-a76a-8837b026e899', '8a0881f3-bfad-4e43-8ac0-7f1e74c8da4b', '8ce03819-3c1e-4a80-8ca5-14c5aec1742a', '2026-06-01', 3990, 'APPLE.COM/BILL', 'pdf-invoice', '606fbebc17f7964e6ebe71a38a07624a5a6e2012b2d5c2804007916c05e1735f', '2026-06-08 04:22:47.076+00', NULL, 'credit_card', 1, false, false),
	('ca485ac7-5c92-461b-995d-f7663c339c92', '8a0881f3-bfad-4e43-8ac0-7f1e74c8da4b', 'bef08180-bd14-4a92-b626-7e61ffa184c9', '2026-06-01', 5700, 'RoincRoinc', 'pdf-invoice', 'af05f58acc2c1c28928657bb09da3f128df7b5b57fb916283446f02847658286', '2026-06-08 04:22:47.076+00', NULL, 'credit_card', 1, false, false),
	('5913b589-1007-4d13-b400-83a10a3bc5cd', '8a0881f3-bfad-4e43-8ac0-7f1e74c8da4b', '8f811712-0c4b-497a-8c04-d1ee00c066cd', '2026-06-01', 24750, 'ADAMO ODONTOLOGIA 01/04', 'pdf-invoice', '9c695ebc7309626ff326c2f51849992594a9552b729c312173af90d9e9c58554', '2026-06-08 04:22:47.076+00', NULL, 'credit_card', 1, false, false),
	('1b4aa533-2367-4bb3-b3f1-7d1c920af290', '8a0881f3-bfad-4e43-8ac0-7f1e74c8da4b', 'c172b93f-fcc4-4e99-928d-06f3a62b87e3', '2026-06-01', 1664, '99APP *99App', 'pdf-invoice', '79667d1d388905f8e0f1ed09a0ae34a5482516206aff6bd63c0cdb22adab0447', '2026-06-08 04:22:47.076+00', NULL, 'credit_card', 1, false, false),
	('0654d505-4222-4183-90a7-9ab1a5ca2b4b', '8a0881f3-bfad-4e43-8ac0-7f1e74c8da4b', '0207d087-6ead-49d5-b9c7-f3bfa0aa16e5', '2026-06-01', 3690, 'BANCA SOUZA AMP LIMA L', 'pdf-invoice', 'a618846473630f0f8dbccb0d45b3cf5aa9aa505837d0f0e94c2d6a76a9fdbf46', '2026-06-08 04:22:47.076+00', NULL, 'credit_card', 1, false, false),
	('ff63e0ad-e195-4d24-9dca-b97d8ff4bced', '8a0881f3-bfad-4e43-8ac0-7f1e74c8da4b', 'bef08180-bd14-4a92-b626-7e61ffa184c9', '2026-06-01', 4529, 'IFD*REALINO RESTO BAR', 'pdf-invoice', '085abaeda72b77e2dbfd2f3c5524bbe47b275ff43d5698afe9fad717b3cee628', '2026-06-08 04:22:47.076+00', NULL, 'credit_card', 1, false, false),
	('44fcf52e-b86d-4a59-a9c9-e75d430a8292', '8a0881f3-bfad-4e43-8ac0-7f1e74c8da4b', 'da295923-d0a5-42e5-aed7-0bb942908b41', '2026-06-01', 13009, 'OXXO KING STORE', 'pdf-invoice', '0bb18632cf1ccaf844baf261ccf3a8f081d7218223389e1014859540ed70387e', '2026-06-08 04:22:47.076+00', NULL, 'credit_card', 1, false, false),
	('4be084e7-9d99-4a1c-91b4-62d7a74f42e3', '8a0881f3-bfad-4e43-8ac0-7f1e74c8da4b', '8f811712-0c4b-497a-8c04-d1ee00c066cd', '2026-06-01', 6542, 'RAIA1914', 'pdf-invoice', '14766f0de4bcdc9043da51dd659befe5daf2beb8e392042f20eca50ef231c03f', '2026-06-08 04:22:47.076+00', NULL, 'credit_card', 1, false, false),
	('b07c20d9-2938-475b-b0ee-3a39425ac749', '8a0881f3-bfad-4e43-8ac0-7f1e74c8da4b', 'bef08180-bd14-4a92-b626-7e61ffa184c9', '2026-06-01', 4432, 'IFD*RODOLFO KIKOSTELA', 'pdf-invoice', 'bb56ff8a0d7438ee134b8dc32936fe653e3a3600d463bc4f8ae127a4f85736da', '2026-06-08 04:22:47.076+00', NULL, 'credit_card', 1, false, false),
	('3a0e0c90-df0d-4df6-b6b3-b0a08e6dd809', '8a0881f3-bfad-4e43-8ac0-7f1e74c8da4b', 'bef08180-bd14-4a92-b626-7e61ffa184c9', '2026-06-01', 14807, 'ESPACO FIGUEIRAS', 'pdf-invoice', 'e8749ca032ecf15c023d862ea11d310752a81b6a447288208ba631cf74625d33', '2026-06-08 04:22:47.076+00', NULL, 'credit_card', 1, false, false),
	('d5a96063-56cd-4aac-b5c4-9c1324ae793c', '8a0881f3-bfad-4e43-8ac0-7f1e74c8da4b', 'bef08180-bd14-4a92-b626-7e61ffa184c9', '2026-06-01', 2969, 'FIORELLA', 'pdf-invoice', '2d14136e815bf40721e41b370cc7bee893134532c4e2c2f43f6c188d2fee50fe', '2026-06-08 04:22:47.076+00', NULL, 'credit_card', 1, false, false),
	('c64c7489-0a57-4742-a482-f957e73259be', '8a0881f3-bfad-4e43-8ac0-7f1e74c8da4b', '8f811712-0c4b-497a-8c04-d1ee00c066cd', '2026-06-01', 899, 'RAIA1914', 'pdf-invoice', 'd58488bed09335a5b53ca5b6491f584b43d35c0d9186fbaa228d69bc997dd066', '2026-06-08 04:22:47.076+00', NULL, 'credit_card', 1, false, false),
	('909acfbe-8a8d-4d28-9272-d6e88e2dba48', '8a0881f3-bfad-4e43-8ac0-7f1e74c8da4b', '0207d087-6ead-49d5-b9c7-f3bfa0aa16e5', '2026-06-01', 3200, 'BANCA SOUZA AMP LIMA L', 'pdf-invoice', 'e7f8a69e4761d6e910445facd2dd8f8ed199da72104cd9f8b8248ed42f99fdf9', '2026-06-08 04:22:47.076+00', NULL, 'credit_card', 1, false, false),
	('7ba6477f-b29c-4a80-bfe5-d19d37bc8a33', '8a0881f3-bfad-4e43-8ac0-7f1e74c8da4b', 'bef08180-bd14-4a92-b626-7e61ffa184c9', '2026-06-01', 5734, 'IFD*PIMENTA VERDE ALIM', 'pdf-invoice', '9047339e71b18f65825d8fd9af02c1155bcaaebf5fa046ac604351ef38df8433', '2026-06-08 04:22:47.076+00', NULL, 'credit_card', 1, false, false),
	('44a4fd20-bd51-480f-bc1f-23ce4698929b', '8a0881f3-bfad-4e43-8ac0-7f1e74c8da4b', 'bef08180-bd14-4a92-b626-7e61ffa184c9', '2026-06-01', 4790, 'ANETO FOOD SERVICE', 'pdf-invoice', 'e2cb998330411ee2ea6f2f63c3d4103e4ea22ec32b074356daba866ea6da651e', '2026-06-08 04:22:47.076+00', NULL, 'credit_card', 1, false, false),
	('45a3087a-bf27-4cf2-b68d-66e6b7240b6f', '8a0881f3-bfad-4e43-8ac0-7f1e74c8da4b', 'bef08180-bd14-4a92-b626-7e61ffa184c9', '2026-06-01', 5211, 'IFD*POMPEIAS LANCHES L', 'pdf-invoice', '32c5d6cf616fd2ea722a3599ce136c95b572b9a21c8ce6196b7c93326a440c30', '2026-06-08 04:22:47.076+00', NULL, 'credit_card', 1, false, false),
	('503de405-64b4-4e73-b1dc-afb8d4dbaabb', '8a0881f3-bfad-4e43-8ac0-7f1e74c8da4b', 'c172b93f-fcc4-4e99-928d-06f3a62b87e3', '2026-06-01', 10000, 'GIGANTE', 'pdf-invoice', '14d5a15629fa0e32304638121734315bbe50c1b0309d0abbadeabb86b1207dbc', '2026-06-08 04:22:47.076+00', NULL, 'credit_card', 2, false, true),
	('23181e66-58ad-46c8-a853-ee2567d98217', '8a0881f3-bfad-4e43-8ac0-7f1e74c8da4b', 'bef08180-bd14-4a92-b626-7e61ffa184c9', '2026-06-01', 6542, 'IFD*REALINO RESTO BAR', 'pdf-invoice', '6073a160f37c057a501f15685c6da17e1a00209f219832f5bbbf9e1b9fb94e5d', '2026-06-08 04:22:47.076+00', NULL, 'credit_card', 2, false, true),
	('1eb006e0-9be9-480e-8097-a84a70e905fa', '8a0881f3-bfad-4e43-8ac0-7f1e74c8da4b', 'c172b93f-fcc4-4e99-928d-06f3a62b87e3', '2026-06-01', 5000, 'TagItau*LUCASMATUTANI', 'pdf-invoice', 'e08ba64c2df3a2a4c5e561048e339f584d5833cc56b8f20fad9cffaf6ee5cc14', '2026-06-08 04:22:47.076+00', NULL, 'credit_card', 2, false, true),
	('5721df23-2600-4c0b-9513-9014f69da1df', '8a0881f3-bfad-4e43-8ac0-7f1e74c8da4b', 'bef08180-bd14-4a92-b626-7e61ffa184c9', '2026-06-01', 4005, 'IFD*REALINO RESTO BAR', 'pdf-invoice', '5088456f55748982c19c1004be82b80ba8b53a6a7d92a6dcd919570d95112148', '2026-06-08 04:22:47.076+00', NULL, 'credit_card', 1, false, false),
	('f8521190-52d8-4ebc-bab0-1589e30b474a', '8a0881f3-bfad-4e43-8ac0-7f1e74c8da4b', 'da295923-d0a5-42e5-aed7-0bb942908b41', '2026-06-01', 6246, 'OXXO KING STORE', 'pdf-invoice', 'bb9816463a80597c775b87cfc8c2da47c12573ce3dea964405e31c734eb5b949', '2026-06-08 04:22:47.076+00', NULL, 'credit_card', 1, false, false),
	('be35865c-1ac5-4e51-9e44-d5ae839ffc3f', '8a0881f3-bfad-4e43-8ac0-7f1e74c8da4b', 'da295923-d0a5-42e5-aed7-0bb942908b41', '2026-06-01', 679, 'OXXO KING STORE', 'pdf-invoice', 'e7a6adbaa29575a3747cf4f74a1d77af66f1da7b718af4a22eeb03a6c7d7133d', '2026-06-08 04:22:47.076+00', NULL, 'credit_card', 1, false, false),
	('ec8a7e23-1aa9-4811-a0ec-94dadfaf1c2c', '8a0881f3-bfad-4e43-8ac0-7f1e74c8da4b', '8ce03819-3c1e-4a80-8ca5-14c5aec1742a', '2026-06-01', 499, 'Google YouTube Member', 'pdf-invoice', 'd331612b74fee6e8dccd4cd5131e420b82cc397bf4d01ee8411ed373bcafcc32', '2026-06-08 04:22:47.076+00', NULL, 'credit_card', 1, false, false),
	('71f44161-760c-432d-a325-f7ca2bdf7157', '8a0881f3-bfad-4e43-8ac0-7f1e74c8da4b', 'bef08180-bd14-4a92-b626-7e61ffa184c9', '2026-06-01', 6989, 'IFD*OSNIR HAMBURGER LT', 'pdf-invoice', '462ffcbfd454224133bb9c8e269a3f2b80228fafc1897c44fe8abdc8cb319b5b', '2026-06-08 04:22:47.076+00', NULL, 'credit_card', 1, false, false),
	('6260e2ff-6928-4cbd-9b67-ee43a41f9294', '8a0881f3-bfad-4e43-8ac0-7f1e74c8da4b', 'c172b93f-fcc4-4e99-928d-06f3a62b87e3', '2026-06-01', 1201, '99APP *99App', 'pdf-invoice', '6126e65a971bdbcce366c721492c9a5d51a9dc804ef909c04744b0172da886e3', '2026-06-08 04:22:47.076+00', NULL, 'credit_card', 1, false, false),
	('140a911c-90d4-4c64-93cd-1e43f5ae395b', '8a0881f3-bfad-4e43-8ac0-7f1e74c8da4b', 'c172b93f-fcc4-4e99-928d-06f3a62b87e3', '2026-06-01', 2346, '99APP *99App', 'pdf-invoice', '1a2ec5ee4fa1cac53673bb77df34c837e0c05996a696a8ad22243a5a90e7467d', '2026-06-08 04:22:47.076+00', NULL, 'credit_card', 1, false, false),
	('6a146332-6c5a-4533-a0ae-3a0d682605df', '8a0881f3-bfad-4e43-8ac0-7f1e74c8da4b', 'bef08180-bd14-4a92-b626-7e61ffa184c9', '2026-06-01', 3185, 'IFD*REALINO RESTO BAR', 'pdf-invoice', 'e0e285ad19c8922aa606b44268a154a1a1517c8abf34fa1d23050f5d941c062d', '2026-06-08 04:22:47.076+00', NULL, 'credit_card', 1, false, false),
	('6bbda2ab-d856-479c-878f-f5cbfb260962', '8a0881f3-bfad-4e43-8ac0-7f1e74c8da4b', 'c172b93f-fcc4-4e99-928d-06f3a62b87e3', '2026-06-01', 3120, '99APP *99App', 'pdf-invoice', '4d4c91b5316bb030c40216e38858b71d8eff0691e59beeefcf0c4ad48808ab14', '2026-06-08 04:22:47.076+00', NULL, 'credit_card', 1, false, false),
	('5ceaecb2-f072-4997-8304-9f7f344ca69e', '8a0881f3-bfad-4e43-8ac0-7f1e74c8da4b', 'bef08180-bd14-4a92-b626-7e61ffa184c9', '2026-06-01', 7100, 'JeronimoJabaquara', 'pdf-invoice', '0ec884cfbf47e00b68adb893641d873a8ac7017ce2d4ff7ee88f2679d500c15f', '2026-06-08 04:22:47.076+00', NULL, 'credit_card', 1, false, false),
	('8d86e53e-5897-43cc-a45c-39f3516b0e16', '8a0881f3-bfad-4e43-8ac0-7f1e74c8da4b', '0207d087-6ead-49d5-b9c7-f3bfa0aa16e5', '2026-06-01', 2000, 'BANCA SOUZA AMP LIMA L', 'pdf-invoice', 'ff432c384109ae7ddb06b235a96fea4ed3cebaedea9bac1752d83c1a0cbec89f', '2026-06-08 04:22:47.076+00', NULL, 'credit_card', 1, false, false),
	('aaa04df7-7dae-4218-8786-7257f32c0552', '8a0881f3-bfad-4e43-8ac0-7f1e74c8da4b', '8ce03819-3c1e-4a80-8ca5-14c5aec1742a', '2026-06-01', 1499, 'Google One', 'pdf-invoice', '785a0e0b4caff0c6a5c40a1629797f274d32dc463bfd99d2998bd83b884a23e5', '2026-06-08 04:22:47.076+00', NULL, 'credit_card', 1, false, false),
	('2af2fa59-c802-4cde-9e3d-e0145c85adcc', '8a0881f3-bfad-4e43-8ac0-7f1e74c8da4b', '8ce03819-3c1e-4a80-8ca5-14c5aec1742a', '2026-06-01', 11714, 'CLAUDE.AI SUBSCRIPTION', 'pdf-invoice', '4fcc8aadb95ce8179c8a71746fa15b5dc0d65f198ab9345909104dc59b1b2492', '2026-06-08 04:22:47.076+00', NULL, 'credit_card', 1, false, false),
	('eab9f366-5813-4ba9-bd7d-1fa6410c265e', '8a0881f3-bfad-4e43-8ac0-7f1e74c8da4b', '1bea3c49-554b-4a30-93c9-6da171d7197e', '2026-06-01', 412, 'Repasse de IOF em R$', 'pdf-invoice', 'b0a503a9f39fec0b6b86e4446e0f1fd9cdea2e4da1ce1dfdc0769b9821ea2520', '2026-06-08 04:22:47.076+00', NULL, 'credit_card', 1, false, false),
	('b9b4b55a-5d16-4145-b053-9e47c0d3d702', '8a0881f3-bfad-4e43-8ac0-7f1e74c8da4b', 'da295923-d0a5-42e5-aed7-0bb942908b41', '2026-06-01', 41936, 'MERCADOLIVRE*FEIZA09/12', 'pdf-invoice', 'ab17ad17ce5723258f915da23b55e787f002fad8acd459d0720db52e80a1bba2', '2026-06-08 04:22:47.076+00', NULL, 'credit_card', 1, false, false),
	('100aa866-93b5-46fb-9600-51e06a1ad28b', '8a0881f3-bfad-4e43-8ac0-7f1e74c8da4b', 'c172b93f-fcc4-4e99-928d-06f3a62b87e3', '2026-06-01', 2395, 'Uber UBER *TRIP HELP.U', 'pdf-invoice', '1e268b67cfcbd92733ecffa8fc0e2cb5d879e5d860c5adbf11605e1fa14078c5', '2026-06-08 04:22:47.076+00', NULL, 'credit_card', 1, false, false),
	('e9a76e23-7e7b-41b6-aa74-1b937dcd558f', '8a0881f3-bfad-4e43-8ac0-7f1e74c8da4b', '8ce03819-3c1e-4a80-8ca5-14c5aec1742a', '2026-06-01', 5990, 'NETFLIX ENTRETENIMENTO', 'pdf-invoice', '1633dbf34905993430a177cadbc51e0725c7b28457a89846f561ac7c3bb4c9a7', '2026-06-08 04:22:47.076+00', NULL, 'credit_card', 1, false, false),
	('35320ef3-3cc1-42eb-9feb-9cf86d6e2385', '8a0881f3-bfad-4e43-8ac0-7f1e74c8da4b', 'bef08180-bd14-4a92-b626-7e61ffa184c9', '2026-06-01', 798, 'IFD*IFOOD CLUB', 'pdf-invoice', 'a32ef666c04de6eaaea144b6b44edc74d1c6e22c0cfbc7ed7930c23370f55c55', '2026-06-08 04:22:47.076+00', NULL, 'credit_card', 1, false, false),
	('00a12569-a559-47e1-b90e-82cd01883053', '8a0881f3-bfad-4e43-8ac0-7f1e74c8da4b', 'c172b93f-fcc4-4e99-928d-06f3a62b87e3', '2026-06-01', 6194, 'Uber UBER *TRIP HELP.U', 'pdf-invoice', '3d38f73195c701676e7bf7ce28730a417bbfefec99af7359fd3e69eb5e009d27', '2026-06-08 04:22:47.076+00', NULL, 'credit_card', 1, false, false),
	('07982f0e-3554-4f93-868e-99acd9456c77', '8a0881f3-bfad-4e43-8ac0-7f1e74c8da4b', 'da295923-d0a5-42e5-aed7-0bb942908b41', '2026-06-01', 7573, 'MERCADO EXTRA-0147', 'pdf-invoice', '852158b3e82007c5de3d626a7f905330cf4f4ed415c3c6bb4698d49b367d216a', '2026-06-08 04:22:47.076+00', NULL, 'credit_card', 1, false, false),
	('f42cfc58-6607-4ad4-a432-a25660d1b761', '8a0881f3-bfad-4e43-8ac0-7f1e74c8da4b', 'da295923-d0a5-42e5-aed7-0bb942908b41', '2026-06-01', 3499, 'MERCADO EXTRA-0147', 'pdf-invoice', 'e3497e5fb986fa82be9bd7614a69b9f54f2403f7ba41319064ebf1928f8423ce', '2026-06-08 04:22:47.076+00', NULL, 'credit_card', 1, false, false),
	('670e6be5-1ca9-4a91-845b-fbe74813b96c', '8a0881f3-bfad-4e43-8ac0-7f1e74c8da4b', 'da295923-d0a5-42e5-aed7-0bb942908b41', '2026-06-01', 6290, 'MERCADO*MERCADOLIV01/10', 'pdf-invoice', '642fb16d5bced2a56596e977151bcce22ff151b25f6c95655dc756c167bdb235', '2026-06-08 04:22:47.076+00', NULL, 'credit_card', 1, false, false),
	('282b2d7a-4d20-4206-95fa-580db0eb593a', '8a0881f3-bfad-4e43-8ac0-7f1e74c8da4b', 'da295923-d0a5-42e5-aed7-0bb942908b41', '2026-06-01', 3899, 'MERCADOLIVRE*ADEGABEBI', 'pdf-invoice', '155f07a49357953d527b97a45fdd068287d137e9f3a74f0d1101540712aacf8f', '2026-06-08 04:22:47.076+00', NULL, 'credit_card', 1, false, false),
	('6f5c5a06-2197-4c7e-a244-a049dd2bfc49', '8a0881f3-bfad-4e43-8ac0-7f1e74c8da4b', '8ce03819-3c1e-4a80-8ca5-14c5aec1742a', '2026-06-01', 4490, 'Amazon Prime Canais', 'pdf-invoice', '3837310379d9d3aa739b150639765bd0b8125d3768e79b2e8099e2ae589b9294', '2026-06-08 04:22:47.076+00', NULL, 'credit_card', 1, false, false),
	('72d6a723-254c-4733-9d64-0bdcca36d03f', '8a0881f3-bfad-4e43-8ac0-7f1e74c8da4b', 'bef08180-bd14-4a92-b626-7e61ffa184c9', '2026-06-01', 13800, 'KOI RESTAURANTE', 'pdf-invoice', 'f25b8d0ad6c7ad873db24eef155ac068502c89a2c69004a8be7f6777045670fa', '2026-06-08 04:22:47.076+00', NULL, 'credit_card', 1, false, false),
	('942a50d7-9177-4b41-9978-7e535869aced', '8a0881f3-bfad-4e43-8ac0-7f1e74c8da4b', 'da295923-d0a5-42e5-aed7-0bb942908b41', '2026-06-01', 5393, 'MERCADO*MERCADOLIV01/07', 'pdf-invoice', 'bf976199416d81c77e959ed0f1266e742c3b336436d2d31a05bd1a1f8447978f', '2026-06-08 04:22:47.076+00', NULL, 'credit_card', 1, false, false),
	('7b3a2661-d10b-43be-8593-1928e5e38cbf', '8a0881f3-bfad-4e43-8ac0-7f1e74c8da4b', '8ce03819-3c1e-4a80-8ca5-14c5aec1742a', '2026-06-01', 1990, 'Amazon Prime Canais', 'pdf-invoice', 'f168ee9582f3eb6adae54c07cb8797e4ea69f1b523e24f12bac4dffcc7aed0c9', '2026-06-08 04:22:47.076+00', NULL, 'credit_card', 1, false, false),
	('2b0832ab-1c94-4038-9b19-cb4caf68e9ca', '8a0881f3-bfad-4e43-8ac0-7f1e74c8da4b', 'bef08180-bd14-4a92-b626-7e61ffa184c9', '2026-06-01', 5079, 'IFD*LANCHONETE E RESTA', 'pdf-invoice', 'f14f26ddfeb1f5c81e3e6226fa82dd6457c413ac328a1dfd0f22e9595628b276', '2026-06-08 04:22:47.076+00', NULL, 'credit_card', 1, false, false),
	('0a8a6c51-dd6b-4aed-95d3-aef1c06259b9', '8a0881f3-bfad-4e43-8ac0-7f1e74c8da4b', '14a98d0e-adc0-4d9d-ac3b-5fc0c3fae2b6', '2026-06-01', 1990, 'Amazon Prime Canais', 'pdf-invoice', 'bc0da4098d55603a4419dc0e70df0ab165dd4f5d5cc2bc40d967c4ef47c04b22', '2026-06-08 04:22:47.076+00', NULL, 'credit_card', 1, false, false),
	('751918c3-c7c2-4373-a6f0-debfc1dfd4cf', '8a0881f3-bfad-4e43-8ac0-7f1e74c8da4b', '8f811712-0c4b-497a-8c04-d1ee00c066cd', '2026-06-01', 9999, 'Wellhub Katia Regina A', 'pdf-invoice', '16714a2824e92679c7aa80a0fff01701e485cb23e78ec96026ebe5c076aceaed', '2026-06-08 04:22:47.075+00', NULL, 'credit_card', 1, true, false),
	('d64129b5-9025-4f76-86fb-ea5d9b0b7dbc', '8a0881f3-bfad-4e43-8ac0-7f1e74c8da4b', 'c172b93f-fcc4-4e99-928d-06f3a62b87e3', '2026-06-01', 12898, 'POSTO JWM', 'pdf-invoice', 'aebcb21a249dccd30f48380625a277c7b3d616b456b890bd294d1c824a96a3f7', '2026-06-08 04:22:47.076+00', NULL, 'credit_card', 2, false, true),
	('a3ede46a-d11e-4f26-861e-9d3128d2c0bc', '8a0881f3-bfad-4e43-8ac0-7f1e74c8da4b', 'c172b93f-fcc4-4e99-928d-06f3a62b87e3', '2026-06-01', 10000, 'POSTO CAMACHO', 'pdf-invoice', '48bbcd76ffa6334dab6a890ba93112a3faf068f9480892c3ca3b500486328ecd', '2026-06-08 04:22:47.076+00', NULL, 'credit_card', 2, false, true),
	('32844821-97a1-4c08-ab64-c2bc581af017', '8a0881f3-bfad-4e43-8ac0-7f1e74c8da4b', 'ecb12d66-1db9-4a78-9a72-353aad218916', '2026-06-01', 16000, 'CONTA VIVO', 'pdf-invoice', '5121da350b5e17c5a14411a7a26904c80f24338f20e93a432e30be7e2c629cf9', '2026-06-08 04:22:47.076+00', NULL, 'credit_card', 2, false, true),
	('4cae3fb1-23e0-4246-9492-1fc7c3d5975e', '8a0881f3-bfad-4e43-8ac0-7f1e74c8da4b', 'c172b93f-fcc4-4e99-928d-06f3a62b87e3', '2026-06-01', 5500, 'SKY BLUE ESTACIONAMENT', 'pdf-invoice', '5b4c870ea964b85ef330bcee3436f787e36db3ad2345972d0ba7dc17284f64db', '2026-06-08 04:22:47.076+00', NULL, 'credit_card', 2, false, true),
	('14b70008-fcca-46f8-9c59-ecdff6f7be74', '8a0881f3-bfad-4e43-8ac0-7f1e74c8da4b', 'c172b93f-fcc4-4e99-928d-06f3a62b87e3', '2026-06-01', 10000, 'POSTO CAMACHO', 'pdf-invoice', '5114cec9ead02f7f250b8043725ea7c72e8dad172190c474f33532bddffde7e3', '2026-06-08 04:22:47.076+00', NULL, 'credit_card', 2, false, true),
	('3e859be4-662b-441b-ba51-c3ef7c364732', '8a0881f3-bfad-4e43-8ac0-7f1e74c8da4b', 'bef08180-bd14-4a92-b626-7e61ffa184c9', '2026-06-01', 100000, 'VR', 'recurring', '7d3886c2-3769-4523-9da1-831660d2c5b2-2026-06', '2026-06-08 15:30:47.349826+00', '7d3886c2-3769-4523-9da1-831660d2c5b2', NULL, 1, false, false),
	('e2f141a1-b0a8-475d-927f-6c59183a7f45', '8a0881f3-bfad-4e43-8ac0-7f1e74c8da4b', 'bef08180-bd14-4a92-b626-7e61ffa184c9', '2026-07-01', 100000, 'VR', 'recurring', '7d3886c2-3769-4523-9da1-831660d2c5b2-2026-07', '2026-06-08 15:30:47.359802+00', '7d3886c2-3769-4523-9da1-831660d2c5b2', NULL, 1, false, false),
	('5a45b484-4ed7-4f5f-96fe-dc55756cd9d1', '8a0881f3-bfad-4e43-8ac0-7f1e74c8da4b', 'bef08180-bd14-4a92-b626-7e61ffa184c9', '2026-08-01', 100000, 'VR', 'recurring', '7d3886c2-3769-4523-9da1-831660d2c5b2-2026-08', '2026-06-08 15:30:47.369119+00', '7d3886c2-3769-4523-9da1-831660d2c5b2', NULL, 1, false, false),
	('d302920b-581d-4190-951d-b261a8bcdae6', '8a0881f3-bfad-4e43-8ac0-7f1e74c8da4b', 'bef08180-bd14-4a92-b626-7e61ffa184c9', '2026-09-01', 100000, 'VR', 'recurring', '7d3886c2-3769-4523-9da1-831660d2c5b2-2026-09', '2026-06-08 15:30:47.378278+00', '7d3886c2-3769-4523-9da1-831660d2c5b2', NULL, 1, false, false),
	('8b5be4b9-6038-4d99-99f7-3fac3ee2d625', '8a0881f3-bfad-4e43-8ac0-7f1e74c8da4b', 'bef08180-bd14-4a92-b626-7e61ffa184c9', '2026-10-01', 100000, 'VR', 'recurring', '7d3886c2-3769-4523-9da1-831660d2c5b2-2026-10', '2026-06-08 15:30:47.387278+00', '7d3886c2-3769-4523-9da1-831660d2c5b2', NULL, 1, false, false),
	('3f4469cf-72a9-4428-af94-a2701f4907fb', '8a0881f3-bfad-4e43-8ac0-7f1e74c8da4b', 'bef08180-bd14-4a92-b626-7e61ffa184c9', '2026-11-01', 100000, 'VR', 'recurring', '7d3886c2-3769-4523-9da1-831660d2c5b2-2026-11', '2026-06-08 15:30:47.396719+00', '7d3886c2-3769-4523-9da1-831660d2c5b2', NULL, 1, false, false),
	('da8345f7-f4b7-4d3b-8cd1-cfc75b510d79', '8a0881f3-bfad-4e43-8ac0-7f1e74c8da4b', 'bef08180-bd14-4a92-b626-7e61ffa184c9', '2026-12-01', 100000, 'VR', 'recurring', '7d3886c2-3769-4523-9da1-831660d2c5b2-2026-12', '2026-06-08 15:30:47.405648+00', '7d3886c2-3769-4523-9da1-831660d2c5b2', NULL, 1, false, false),
	('44d447ba-7107-4332-8a2b-d23ae440bb97', '8a0881f3-bfad-4e43-8ac0-7f1e74c8da4b', '352f77df-7fd7-4b33-a01a-59b15b506b10', '2026-06-01', 13500, 'Tênis de mesa', 'recurring', 'aa8157a7-d733-4bea-98b0-1fad959a6c86-2026-06', '2026-06-08 15:31:12.778348+00', 'aa8157a7-d733-4bea-98b0-1fad959a6c86', NULL, 1, false, false),
	('271a5e02-a936-4579-a929-782d7cd97f53', '8a0881f3-bfad-4e43-8ac0-7f1e74c8da4b', '352f77df-7fd7-4b33-a01a-59b15b506b10', '2026-07-01', 13500, 'Tênis de mesa', 'recurring', 'aa8157a7-d733-4bea-98b0-1fad959a6c86-2026-07', '2026-06-08 15:31:12.786471+00', 'aa8157a7-d733-4bea-98b0-1fad959a6c86', NULL, 1, false, false),
	('66c0426b-3f12-4e32-a276-67ea28d47513', '8a0881f3-bfad-4e43-8ac0-7f1e74c8da4b', '352f77df-7fd7-4b33-a01a-59b15b506b10', '2026-08-01', 13500, 'Tênis de mesa', 'recurring', 'aa8157a7-d733-4bea-98b0-1fad959a6c86-2026-08', '2026-06-08 15:31:12.795096+00', 'aa8157a7-d733-4bea-98b0-1fad959a6c86', NULL, 1, false, false),
	('39154bf4-288e-4f49-b517-0f9484d7629c', '8a0881f3-bfad-4e43-8ac0-7f1e74c8da4b', '352f77df-7fd7-4b33-a01a-59b15b506b10', '2026-09-01', 13500, 'Tênis de mesa', 'recurring', 'aa8157a7-d733-4bea-98b0-1fad959a6c86-2026-09', '2026-06-08 15:31:12.803272+00', 'aa8157a7-d733-4bea-98b0-1fad959a6c86', NULL, 1, false, false),
	('a57436be-516a-40b6-b781-488b6217b93f', '8a0881f3-bfad-4e43-8ac0-7f1e74c8da4b', '352f77df-7fd7-4b33-a01a-59b15b506b10', '2026-10-01', 13500, 'Tênis de mesa', 'recurring', 'aa8157a7-d733-4bea-98b0-1fad959a6c86-2026-10', '2026-06-08 15:31:12.811154+00', 'aa8157a7-d733-4bea-98b0-1fad959a6c86', NULL, 1, false, false),
	('a9d51bc1-bab1-40c3-b331-eb94dd5cd29f', '8a0881f3-bfad-4e43-8ac0-7f1e74c8da4b', '352f77df-7fd7-4b33-a01a-59b15b506b10', '2026-11-01', 13500, 'Tênis de mesa', 'recurring', 'aa8157a7-d733-4bea-98b0-1fad959a6c86-2026-11', '2026-06-08 15:31:12.818688+00', 'aa8157a7-d733-4bea-98b0-1fad959a6c86', NULL, 1, false, false),
	('3bed4650-8fa9-4cfd-94a1-bdd885510980', '8a0881f3-bfad-4e43-8ac0-7f1e74c8da4b', '352f77df-7fd7-4b33-a01a-59b15b506b10', '2026-12-01', 13500, 'Tênis de mesa', 'recurring', 'aa8157a7-d733-4bea-98b0-1fad959a6c86-2026-12', '2026-06-08 15:31:12.826352+00', 'aa8157a7-d733-4bea-98b0-1fad959a6c86', NULL, 1, false, false),
	('70efdca0-c421-4dcc-83dc-101b3de6b1d1', '8a0881f3-bfad-4e43-8ac0-7f1e74c8da4b', 'c172b93f-fcc4-4e99-928d-06f3a62b87e3', '2026-06-01', 10000, 'ABASTEC*abastece ai', 'pdf-invoice', 'bf8672c0060772d8588606cc5194f74db8daee6a0ca38df234f32e688e068c9a', '2026-06-08 04:22:47.076+00', NULL, 'credit_card', 2, false, true);


--
-- Data for Name: stripe_webhook_events; Type: TABLE DATA; Schema: public; Owner: postgres
--



--
-- PostgreSQL database dump complete
--

-- \unrestrict 49ueQldkFwyyvt4ZA6nTNmqR1O4QStbKyUeXfE48u9gjnLhbNypaqrdkMuZNPpd

RESET ALL;
